Date_Time;F1101;F1201;F1301;F1601;F1602;F1603;F1701;F2201;F3001;T1112;T1113;T1201;T1202;T1207;T1208;T1301;T1302;T1501;T1502;T1601;T1602;T1603;T1604;T1605;T1606;T1607;T1608;T1609;T1610;T1611;T1612;T1613;T1614;T1701;T1702;T2101;T2201;T2202;T2203;T2204;T2207;T3009;T3010;T3011;T3012;G_dh;G_gh;G_gt;D1301;QD1701;T2205;T2206
-;gMain1Massflow;gCollc1Massflow;gPelletsMassflow;gAcmMassflowHt;gAcmMassflowLt;gAcmMassflowMt;gTest1Massflow;gCollc2Massflow;gMassflow1;gMain1TinHx6;gMain1ToutHx6;gCollc1TinFpc;gCollc1ToutFpc;gCollc1Tstor1;gCollc1Tstor0;gPelletsTin;gPelletsTout;gStore1TinStor;gStore1ToutStor;gAcmTinHt;gAcmToutHt;gAcmTinLt;gAcmToutLt;gAcmTinStore;gAcmToutStore;gAcmTstorep1;gAcmTstorep0;gAcmTinCt;gAcmToutCt;gAcmTinHx;gAcmToutHx;gAcmTinMt;gAcmToutMt;gTest1Tin;gTest1Tout;gMain2Tout;gCollc2TinVac;gCollc2ToutVac;gCollc2TInFres;gCollc2ToutFres;gCollc2TambOut;gTemp9;gTemp10;gTemp11;gTemp12;gRadDiffHor;gRadGlobHor;gRadGlobTilt;gPelletsPressure;gTest1Power;gCollc2TinHx;gCollc2ToutHx
-;l/h   ;l/h   ;l/h   ;l/h   ;l/h   ;l/h   ;l/h   ;l/h   ;l/h   ;°C    ;°C    ;°C    ;°C    ;°C    ;°C    ;°C    ;°C    ;°C    ;°C    ;°C    ;°C    ;°C    ;°C    ;°C    ;°C    ;°C    ;°C    ;°C    ;°C    ;°C    ;°C    ;°C    ;°C    ;°C    ;°C    ;°C    ;°C    ;°C    ;°C    ;°C    ;°C    ;°C    ;°C    ;°C    ;°C    ;W/m²  ;W/m²  ;W/m²  ;mbar  ;kW    ;°C    ;°C    
26.04.2024 08:34:02;-0.288502;0.393994;0.222582;-0.12712;0.613422;0.606708;0.633768;0.220344;0;71.2343;67.132;4.4222;4.4814;81.0811;79.74;20.4047;19.84;76.7824;74.9844;22.4291;22.02;22.22;22.0198;21.13;22.8091;18.836;17.3705;9.4185;9.7185;23.6707;21.5308;21.29;22.23;34.1054;20.9874;22.689;17.8579;8.2405;8.0358;9.97263;7.45283;0;0;0;0;-35.4766;401.419;549.953;-0.280679;-9.62134;21.4;19.5916
26.04.2024 08:34:32;-0.273446;0.372021;0.25249;-0.230516;0.672628;0.782495;0.61037;0.392468;0;71.1643;66.9736;4.454;4.51213;81.0804;79.74;20.4136;19.84;76.8204;74.9637;22.43;22.0205;22.2214;22.02;21.1301;22.81;18.8438;17.3721;9.4797;9.78183;23.7038;21.5416;21.2932;22.23;34.0156;21.0009;22.6951;17.8741;8.2901;8.05303;9.9941;7.55783;0;0;0;0;-35.4767;402.575;551.228;-0.280511;-9.17275;21.4023;19.6
26.04.2024 08:35:02;-0.310882;0.377819;0.22482;-0.264087;0.828883;0.838649;0.58036;0.420545;0;71.0928;66.8193;4.48523;4.5439;81.08;79.7312;20.4214;19.84;76.8417;76.5541;22.4305;22.0292;22.2289;22.0233;21.1348;22.81;18.85;17.3766;9.5409;9.84416;23.7369;21.5523;21.2948;22.23;34.2716;21.0126;22.7035;17.8883;8.34007;8.0692;10.014;7.62073;0;0;0;0;-35.4855;404.056;552;-0.280637;-8.90031;21.41;19.6078
26.04.2024 08:35:32;-0.395113;0.318918;0.178838;-0.303924;0.589618;0.532243;0.564084;0.229499;0;71.0202;66.6703;4.5128;4.57573;81.08;79.6329;20.4303;19.84;76.8199;77.5284;22.4378;22.03;22.23;22.03;21.14;22.81;18.85;17.8124;9.60207;9.90837;23.7678;21.5624;21.3;22.2303;34.0412;21.0169;22.71;17.9001;8.3908;8.08907;10.0328;7.67153;0;0;0;0;-35.4811;405.478;553.296;-0.280453;-8.51165;21.41;19.6119
26.04.2024 08:36:02;-0.515153;0.326548;0.182501;-0.343313;0.529801;0.491958;0.423699;0.153203;0;70.9478;66.5242;4.54243;4.60697;81.08;79.3969;20.44;19.84;76.8078;75.7454;22.44;22.03;22.23;22.03;21.14;22.8111;18.8433;18.8499;9.66111;9.97273;23.7977;21.575;21.3;22.2394;34.2831;21.0192;22.718;17.9113;8.441;8.10997;10.0532;7.72777;0;0;0;0;-35.4752;406.998;554.455;-0.280325;-6.4903;21.4195;19.62
26.04.2024 08:36:32;-0.403251;0.353099;0.192877;-0.336599;0.674459;0.482192;0.551876;0.176397;0;70.8735;66.3822;4.5737;4.6388;81.08;79.1072;20.4471;19.84;76.7467;71.203;22.44;22.0363;22.2317;22.03;21.14;22.8195;18.8236;19.7218;9.71966;10.0365;23.8276;21.5868;21.3;22.24;33.811;21.0238;22.7226;17.9239;8.49223;8.12876;10.0725;7.7929;0;0;0;0;-35.479;408.676;555.761;-0.280276;-8.12986;21.4205;19.6234
26.04.2024 08:37:02;-0.371919;0.309763;0.193284;-0.324961;0.656148;0.301523;0.589007;0.311899;0;70.7991;66.2418;4.6039;4.6747;81.08;78.5649;20.4523;19.84;76.7242;68.1618;22.4481;22.04;22.24;22.0356;21.1431;22.82;18.8775;20.3965;9.78083;10.0992;23.8527;21.6002;21.3;22.24;34.3057;21.0354;22.73;17.9402;8.5419;8.14917;10.0934;7.80657;0;0;0;0;-35.4723;410.557;557.628;-0.280241;-9.05184;21.4295;19.63
26.04.2024 08:37:32;-0.33489;0.314646;0.19308;-0.17949;0.64211;0.490738;0.640889;0.21485;0;70.7273;66.1059;4.63246;4.70433;81.08;77.2841;20.46;19.84;76.7372;64.2344;22.45;22.04;22.24;22.04;21.1495;22.82;19.0824;21.3069;9.83673;10.1599;23.8782;21.6123;21.3014;22.24;34.1804;21.0542;22.7378;17.9569;8.5921;8.16797;10.1133;7.8299;0;0;0;0;-35.4694;412.059;558.995;-0.280181;-9.70738;21.43;19.6359
26.04.2024 08:38:02;-0.406507;0.37141;0.224616;-0.273486;0.650044;0.571307;0.538652;0.169073;0;70.6546;65.9738;4.66483;4.73297;81.0786;75.2199;20.467;19.84;76.7439;59.8686;22.4542;22.0405;22.24;22.04;21.15;22.8205;19.503;22.284;9.89423;10.2174;23.9002;21.6238;21.3084;22.2441;34.0627;21.0682;22.7402;17.9789;8.64123;8.1884;10.136;7.8559;0;0;0;0;-35.4631;413.661;560.975;-0.28012;-8.04712;21.4356;19.6411
26.04.2024 08:38:32;-0.41261;0.390332;0.162359;-0.3084;0.734275;0.502945;0.54679;0.183721;0;70.5831;65.8449;4.69193;4.76473;81.0735;72.8622;20.4743;19.84;76.7023;55.6485;22.46;22.0492;22.2458;22.0406;21.15;22.8288;19.8987;23.3554;9.946;10.2731;23.9175;21.6364;21.31;22.25;33.9029;21.0738;22.7495;18.0045;8.69197;8.2093;10.1582;7.8661;0;0;0;0;-35.4538;414.924;562.904;-0.280013;-8.08184;21.44;19.6485
26.04.2024 08:39:02;-0.368664;0.344249;0.195115;-0.235888;0.753197;0.510269;0.638345;0.291146;0;70.5116;65.7186;4.71893;4.79387;81.07;70.6324;20.48;19.84;76.6318;51.848;22.46;22.05;22.25;22.0458;21.1514;22.83;20.382;24.3777;9.99834;10.3259;23.9342;21.648;21.31;22.25;34.0801;21.0742;22.7505;18.0378;8.7411;8.22703;10.1786;7.8821;0;0;0;0;-35.4519;416.478;565.122;-0.27995;-9.59582;21.4429;19.6531
26.04.2024 08:39:32;-0.41261;0.297556;0.156865;-0.216641;0.573138;0.236824;0.579852;0.105594;0;70.4403;65.5929;4.74327;4.82407;81.0616;68.6582;20.481;19.84;76.625;48.661;22.465;22.05;22.25;22.05;21.1568;22.83;20.9441;25.2532;10.0504;10.3777;23.9463;21.6574;21.31;22.25;34.0109;21.0739;22.7574;18.073;8.79023;8.24557;10.2006;7.92143;0;0;0;0;-35.4596;417.906;567.526;-0.279967;-8.68103;21.45;19.66
26.04.2024 08:40:02;-0.421156;0.301828;0.198167;-0.286019;0.70986;0.460219;0.538143;0.194708;0;70.3691;65.4664;4.77237;4.85424;81.06;66.8471;20.49;19.84;76.6729;46.083;22.47;22.0584;22.2505;22.05;21.16;22.83;21.5524;26.5957;10.1008;10.43;23.9584;21.6684;21.31;22.2505;33.9629;21.0827;22.76;18.111;8.83887;8.26423;10.2205;7.95303;0;0;0;0;-35.4523;419.02;569.289;-0.279759;-8.03872;21.4501;19.6651
26.04.2024 08:40:32;-0.40732;0.323801;0.169073;-0.31019;0.724509;0.39552;0.528479;0.255135;0;70.2954;65.3434;4.79997;4.88813;81.06;65.3178;20.49;19.84;76.6683;44.1031;22.4701;22.06;22.2592;22.0509;21.16;22.8327;22.188;27.4151;10.1536;10.4855;23.9682;21.6831;21.3132;22.2575;34.2407;21.0996;22.7635;18.1442;8.88906;8.28424;10.242;7.9569;0;0;0;0;-35.4534;421.099;572.198;-0.279753;-8.03822;21.4584;19.67
26.04.2024 08:41:02;-0.328379;0.371105;0.188808;-0.229174;0.712912;0.557878;0.626138;0.162969;0;70.2228;65.2205;4.827;4.91947;81.06;64.1266;20.4978;19.84;76.6094;42.511;22.4758;22.06;22.26;22.0589;21.1607;22.84;22.7996;28.2826;10.207;10.5413;23.9795;21.6941;21.3194;22.26;33.8853;21.1063;22.77;18.174;8.9377;8.30703;10.2629;7.91473;0;0;0;0;-35.4466;423.222;575.196;-0.279805;-9.26691;21.46;19.6782
26.04.2024 08:41:32;-0.387788;0.348521;0.16419;-0.238126;0.638447;0.292978;0.665812;0.0463881;0;70.1492;65.0999;4.85447;4.95103;81.06;62.9927;20.5;19.84;76.5817;41.3654;22.4795;22.066;22.26;22.06;21.169;22.84;23.4632;29.0862;10.2588;10.5961;23.9888;21.7046;21.32;22.26;34.0996;21.11;22.77;18.2022;8.98737;8.3285;10.2817;7.93547;0;0;0;0;-35.44;424.222;576.293;-0.279713;-9.99594;21.4652;19.6807
26.04.2024 08:42:02;-0.391451;0.383007;0.18718;-0.271249;0.747703;0.34669;0.579343;0.195929;0;70.0777;64.9804;4.88363;4.98283;81.0568;61.8746;20.5;19.84;76.5352;40.4486;22.48;22.07;22.2648;22.06;21.17;22.84;24.2239;29.8404;10.3105;10.6545;23.995;21.7156;21.32;22.26;34.0553;21.1142;22.7737;18.2237;9.03597;8.34783;10.2989;7.9914;0;0;0;0;-35.4273;425.303;577.4;-0.279576;-8.67588;21.47;19.69
26.04.2024 08:42:32;-0.412203;0.316477;0.184128;-0.286019;0.762963;0.158696;0.503047;0.205084;0;70.0051;64.8598;4.90847;5.01403;81.0548;60.6853;20.5081;19.84;76.5722;39.7071;22.4834;22.07;22.27;22.0648;21.17;22.8405;24.9566;30.5892;10.3628;10.7085;24.0023;21.7261;21.32;22.26;33.9189;21.1227;22.78;18.2398;9.08666;8.36717;10.316;8.08753;0;0;0;0;-35.4328;427.177;579.648;-0.279486;-7.45535;21.4709;19.698
26.04.2024 08:43:02;-0.411389;0.288705;0.158086;-0.258268;0.64394;0.251473;0.647501;0.112918;0;69.9309;64.7392;4.934;5.04587;81.05;59.5517;20.51;19.84;76.4892;39.1183;22.49;22.072;22.27;22.07;21.17;22.8467;25.5401;31.001;10.4146;10.7649;24.01;21.7356;21.3211;22.2666;34.0814;21.1432;22.78;18.2541;9.13473;8.38863;10.3318;8.1367;0;0;0;0;-35.4271;428.827;582.338;-0.279552;-9.71715;21.4795;19.7005
26.04.2024 08:43:32;-0.327972;0.357066;0.196132;-0.281991;0.653706;0.56032;0.658183;0.173956;0;69.8571;64.6202;4.96307;5.0824;81.05;58.544;20.51;19.84;76.4912;38.729;22.49;22.08;22.2714;22.07;21.17;22.85;26.3699;31.7207;10.4648;10.8235;24.0191;21.746;21.3281;22.27;34.0363;21.1655;22.7861;18.265;9.18653;8.4061;10.349;8.14067;0;0;0;0;-35.4417;430.602;584.698;-0.279512;-9.801;21.48;19.7095
26.04.2024 08:44:02;-0.435804;0.368053;0.161138;-0.290048;0.750755;0.351573;0.609862;0.187384;0;69.7836;64.5028;4.99117;5.12196;81.05;57.5668;20.5127;19.84;76.4872;38.243;22.4921;22.08;22.279;22.07;21.1726;22.85;26.9985;32.5243;10.5176;10.8794;24.0248;21.7565;21.33;22.27;34.0609;21.1795;22.79;18.2718;9.23567;8.42313;10.3647;8.17253;0;0;0;0;-35.4313;432.31;586.711;-0.279498;-9.08074;21.486;19.7136
26.04.2024 08:44:32;-0.414238;0.318918;0.174159;-0.266772;0.764794;0.289315;0.559506;0.173345;0;69.7106;64.3843;5.02076;5.1604;81.05;56.6612;20.5195;19.84;76.437;37.8193;22.5;22.08;22.28;22.0756;21.1784;22.85;27.4768;33.0454;10.5704;10.9365;24.03;21.7686;21.33;22.27;34.0828;21.1779;22.7922;18.28;9.28583;8.43983;10.3782;8.23963;0;0;0;0;-35.4303;433.783;588.118;-0.279406;-8.34226;21.49;19.72
26.04.2024 08:45:02;-0.367036;0.28077;0.139164;-0.250659;0.601215;0.0695822;0.570187;0.0634785;0;69.6375;64.2658;5.0505;5.1976;81.05;55.8293;20.52;19.84;76.3766;37.4901;22.5;22.087;22.2845;22.08;21.18;22.8508;28.2394;33.6814;10.6213;10.9928;24.0395;21.7786;21.33;22.2711;34.0255;21.1721;22.7995;18.288;9.335;8.45597;10.3951;8.31513;0;0;0;0;-35.4266;435.117;589.493;-0.27932;-8.47434;21.4938;19.7267
26.04.2024 08:45:32;-0.433363;0.332346;0.139571;-0.399711;0.718405;0.219733;0.573748;0.14832;0;69.5638;64.1468;5.07967;5.23107;81.05;55.0697;20.52;19.84;76.3786;37.2572;22.5016;22.09;22.29;22.08;21.18;22.8589;28.9744;34.6609;10.6755;11.0524;24.0415;21.788;21.33;22.2794;33.8695;21.166;22.8;18.2911;9.38677;8.47477;10.4111;8.33657;0;0;0;0;-35.4294;436.622;591.66;-0.279339;-8.42961;21.5;19.73
26.04.2024 08:46:02;-0.183111;0.409253;0.150965;-0.0908638;0.74221;0.52736;0.787886;0.216071;0;69.4904;64.0303;5.1032;5.26637;81.0483;54.3735;20.5257;19.84;76.4828;36.9851;22.5092;22.09;22.29;22.0816;21.18;22.86;29.4749;35.1188;10.7247;11.1099;24.05;21.7974;21.3362;22.28;34.0088;21.1671;22.8014;18.3;9.43663;8.49417;10.4294;8.34357;0;0;0;0;-35.4149;438.225;594.12;-0.279306;-11.7341;21.5;19.7371
26.04.2024 08:46:32;-0.355236;0.374157;0.147303;-0.238573;0.668355;0.452894;0.55798;0.0543229;0;69.4171;63.9129;5.1263;5.30387;81.0418;53.6969;20.53;19.84;76.4242;36.6381;22.51;22.0925;22.29;22.089;21.1872;22.86;30.0909;35.4328;10.7754;11.1651;24.0562;21.8058;21.34;22.28;34.0218;21.1733;22.81;18.3114;9.4896;8.51084;10.4488;8.38076;0;0;0;0;-35.4152;439.844;595.912;-0.279262;-8.29862;21.5078;19.7401
26.04.2024 08:47:02;-0.254321;0.365001;0.190029;-0.260954;0.625019;0.356456;0.695313;0.246589;0;69.3428;63.7975;5.15007;5.3367;81.04;53.0862;20.533;19.84;76.3033;36.2916;22.5122;22.1;22.2974;22.09;21.19;22.8638;30.8117;36.1354;10.825;11.2212;24.06;21.8158;21.34;22.2844;34.0416;21.18;22.81;18.3254;9.53847;8.53123;10.4676;8.45823;0;0;0;0;-35.4132;441.575;597.917;-0.279222;-10.3152;21.51;19.7495
26.04.2024 08:47:32;-0.439873;0.290536;0.151575;-0.393445;0.742821;0.0927763;0.5768;0.196539;0;69.2645;63.6836;5.1756;5.37453;81.04;52.4617;20.54;19.8464;76.2979;35.9996;22.5189;22.1;22.3;22.09;21.1923;22.87;31.3624;37.0164;10.8758;11.2755;24.0661;21.8236;21.34;22.29;34.0792;21.189;22.8196;18.3453;9.59174;8.55163;10.4874;8.5016;0;0;0;0;-35.4235;442.564;599.177;-0.279134;-8.60269;21.5177;19.7521
26.04.2024 08:48:02;-0.663269;0.313425;0.150965;-0.425224;0.717185;-0.0891141;0.429802;0.0567644;0;69.1872;63.569;5.20147;5.41293;81.0378;51.88;20.5424;19.85;76.3009;35.9283;22.52;22.1023;22.3;22.0935;21.2;22.87;31.7663;37.2872;10.9304;11.3314;24.07;21.8336;21.3444;22.29;33.8654;21.2094;22.8226;18.3707;9.64137;8.57223;10.5088;8.52244;0;0;0;0;-35.4231;444.136;601.316;-0.278944;-6.30845;21.52;19.76
26.04.2024 08:48:32;-0.434177;0.303049;0.0980661;-0.342865;0.522477;-0.0109867;0.510676;-0.121464;0;69.113;63.4544;5.22887;5.45304;81.0311;51.4092;20.55;19.85;76.2487;35.9098;22.5219;22.11;22.3014;22.0995;21.2017;22.8762;32.3144;37.7178;10.9825;11.3864;24.076;21.8446;21.35;22.29;33.7223;21.2195;22.83;18.4015;9.69423;8.59663;10.533;8.5662;0;0;0;0;-35.4038;445.65;603.331;-0.279211;-7.40337;21.5249;19.7647
26.04.2024 08:49:02;-0.148523;0.419324;0.173549;-0.162033;0.727561;0.498062;0.826543;0.300302;0;69.0385;63.3426;5.25986;5.4987;81.0377;50.9505;20.5533;19.85;76.1543;35.6005;22.5295;22.11;22.31;22.1;21.21;22.88;32.8708;38.2591;11.0364;11.4422;24.08;21.8567;21.35;22.29;33.9781;21.223;22.8372;18.4339;9.74387;8.61963;10.5574;8.57397;0;0;0;0;-35.4057;448.407;606.747;-0.279023;-12.1491;21.53;19.77
26.04.2024 08:49:32;-0.345063;0.385754;0.179449;-0.220669;0.830714;0.415052;0.736005;0.260628;0;68.9642;63.2308;5.29363;5.5426;81.04;50.5538;20.56;19.8557;76.0853;35.3829;22.5305;22.1179;22.31;22.1005;21.2169;22.88;33.4121;38.7912;11.0881;11.4987;24.0859;21.8698;21.35;22.2936;33.8784;21.2453;22.8434;18.4701;9.79567;8.64377;10.5795;8.53097;0;0;0;0;-35.4178;449.891;609.263;-0.278986;-10.7564;21.5311;19.7767
26.04.2024 08:50:02;-0.44435;0.313425;0.14364;-0.242602;0.673238;0.228278;0.626647;0.0219733;0;68.8894;63.1182;5.3238;5.5886;81.0398;50.1766;20.5685;19.86;76.1526;35.1738;22.537;22.12;22.3102;22.1064;21.2216;22.8866;33.9352;39.4794;11.1399;11.5528;24.0905;21.8801;21.35;22.3;34.1428;21.2599;22.85;18.5062;9.8471;8.6678;10.5999;8.51477;0;0;0;0;-35.4139;451.631;611.85;-0.279047;-9.36958;21.54;19.7845
26.04.2024 08:50:32;-0.384126;0.3296;0.151982;-0.340627;0.678121;0.306406;0.559506;0.205084;0;68.8153;63.0053;5.35633;5.63533;81.0311;49.8571;20.57;19.86;76.1806;34.9901;22.54;22.12;22.32;22.11;21.23;22.89;34.4137;40.196;11.1911;11.6089;24.099;21.8918;21.3505;22.3;34.1441;21.2728;22.8574;18.5417;9.8985;8.69137;10.6208;8.5;0;0;0;0;-35.3997;453.524;614.005;-0.278985;-8.32005;21.54;19.79
26.04.2024 08:51:02;-0.314951;0.370495;0.144454;-0.27483;0.710471;0.278329;0.668864;0.21424;0;68.7433;62.893;5.39204;5.6837;81.03;49.52;20.5711;19.8613;76.0646;34.8856;22.54;22.1266;22.32;22.112;21.2352;22.8907;34.8416;40.5642;11.2445;11.6637;24.1036;21.9029;21.3583;22.3;33.8796;21.2874;22.8616;18.5753;9.9495;8.71124;10.6412;8.5007;0;0;0;0;-35.4003;455.117;616.18;-0.278958;-9.74192;21.5473;19.7986
26.04.2024 08:51:32;-0.374767;0.320444;0.1648;-0.209031;0.772118;0.233161;0.673442;0.153203;0;68.6713;62.7824;5.42327;5.73227;81.03;49.2413;20.5784;19.8689;76.0385;34.8169;22.5483;22.13;22.32;22.12;21.24;22.8995;35.0989;40.8604;11.2981;11.7186;24.1115;21.9133;21.36;22.3;33.941;21.29;22.8693;18.6011;9.99953;8.7311;10.6595;8.54896;0;0;0;0;-35.3935;456.628;618.048;-0.278942;-9.83824;21.55;19.801
26.04.2024 08:52:02;-0.343028;0.353099;0.147099;-0.272591;0.656148;0.19776;0.681072;0.104984;0;68.5965;62.6722;5.45506;5.7768;81.0244;48.9628;20.58;19.87;76.0782;34.7594;22.55;22.1305;22.3247;22.12;21.2462;22.9;35.6212;41.044;11.3494;11.7762;24.1235;21.9217;21.36;22.3048;33.7779;21.2868;22.8777;18.6249;10.0502;8.74883;10.6773;8.54836;0;0;0;0;-35.4029;458.37;620.423;-0.278953;-9.83781;21.5556;19.8096
26.04.2024 08:52:32;-0.490331;0.292367;0.15951;-0.392997;0.69277;-0.102542;0.48677;0.168462;0;68.5226;62.561;5.48573;5.8208;81.02;48.7149;20.5883;19.87;76.0598;34.748;22.55;22.1363;22.33;22.1216;21.253;22.9043;36.1749;41.4016;11.401;11.832;24.1407;21.9307;21.36;22.3095;33.8206;21.2836;22.88;18.6476;10.101;8.7687;10.6952;8.41656;0;0;0;0;-35.4041;460.441;622.975;-0.278835;-7.0648;21.56;19.8121
26.04.2024 08:53:02;-0.269784;0.372631;0.157882;-0.160243;0.810572;0.187994;0.725832;0.184942;0;68.4477;62.4503;5.51597;5.86616;81.02;48.5319;20.59;19.87;76.0094;34.7718;22.557;22.14;22.33;22.1281;21.26;22.91;36.6364;41.836;11.4493;11.889;24.1595;21.9417;21.3605;22.31;33.4856;21.2989;22.8885;18.6648;10.1522;8.79123;10.7128;8.25716;0;0;0;0;-35.3893;462.337;625.545;-0.278849;-10.2383;21.5623;19.82
26.04.2024 08:53:32;-0.383312;0.365612;0.15951;-0.255582;0.699484;0.18067;0.758893;0.116581;0;68.3718;62.3386;5.54557;5.9139;81.02;48.3294;20.5972;19.8774;75.9921;34.831;22.56;22.1403;22.3319;22.13;21.2666;22.9121;36.941;42.1168;11.5007;11.9441;24.1823;21.95;21.3643;22.31;33.5893;21.3133;22.8926;18.6774;10.2003;8.81217;10.7322;8.2386;0;0;0;0;-35.398;463.035;626.412;-0.278771;-10.7909;21.57;19.8262
26.04.2024 08:54:02;-0.41139;0.354625;0.143234;-0.343313;0.695212;0.207526;0.643432;0.187994;0;68.2967;62.2266;5.5763;5.96103;81.02;48.1129;20.6;19.88;75.9256;34.8769;22.5611;22.1495;22.34;22.13;21.2766;22.92;37.4;42.1964;11.5488;11.9998;24.2095;21.9584;21.3695;22.3102;33.5958;21.3243;22.9;18.6904;10.2498;8.83517;10.7478;8.255;0;0;0;0;-35.3895;463.172;626.467;-0.278752;-9.16508;21.5711;19.83
26.04.2024 08:54:32;-0.359712;0.364696;0.134485;-0.253792;0.84048;0.351573;0.636311;0.129398;0;68.2232;62.1173;5.6086;6.01187;81.02;47.9876;20.6018;19.88;75.8659;34.9909;22.5699;22.15;22.34;22.1347;21.2894;22.9278;37.7983;42.5396;11.5974;12.0508;24.2403;21.9637;21.37;22.3184;33.5327;21.3363;22.9045;18.6994;10.296;8.8549;10.7649;8.26483;0;0;0;0;-35.3865;463.881;627.113;-0.27879;-8.99421;21.58;19.8393
26.04.2024 08:55:02;-0.312103;0.36317;0.146896;-0.216641;0.810571;0.129398;0.6592;0.0390637;0;68.1484;62.0061;5.63823;6.06377;81.018;47.8785;20.61;19.8809;75.8699;35.1424;22.57;22.1522;22.34;22.14;21.3176;22.9351;38.0524;42.858;11.6415;12.102;24.2688;21.9704;21.37;22.32;33.7172;21.3457;22.91;18.7088;10.343;8.87487;10.7796;8.23203;0;0;0;0;-35.4007;465.222;629.077;-0.278718;-9.41253;21.5811;19.8424
26.04.2024 08:55:32;-0.384533;0.327769;0.116988;-0.317352;0.695822;0.13184;0.654114;0.0848414;0;68.0753;61.8953;5.6712;6.1153;81.0107;47.7963;20.61;19.8874;75.8627;35.2909;22.5729;22.1595;22.3475;22.14;21.3748;22.9461;38.5795;43.0072;11.6878;12.1517;24.3013;21.98;21.37;22.32;33.899;21.3468;22.9164;18.7205;10.3895;8.894;10.7953;8.24273;0;0;0;0;-35.4001;466.308;630.383;-0.278694;-9.4982;21.5899;19.85
26.04.2024 08:56:02;-0.467137;0.385754;0.144251;-0.342418;0.734275;0.136723;0.596128;0.133671;0;68.0032;61.7858;5.70593;6.1623;81.0095;47.7745;20.6164;19.89;75.8011;35.4206;22.5795;22.16;22.35;22.1423;21.444;22.9611;38.9802;43.241;11.7304;12.2004;24.3332;21.9862;21.3724;22.32;33.7438;21.35;22.92;18.7312;10.4345;8.912;10.8104;8.32653;0;0;0;0;-35.3804;467.905;632.245;-0.278555;-8.52993;21.5925;19.8554
26.04.2024 08:56:32;-0.371919;0.350047;0.13123;-0.253792;0.759911;0.194098;0.633259;0.0512711;0;67.931;61.6772;5.73347;6.20947;81.0014;47.6701;20.62;19.89;75.784;35.6036;22.58;22.164;22.35;22.15;21.5282;22.9778;39.2113;43.3673;11.7727;12.2494;24.363;21.993;21.3784;22.3241;33.8008;21.3555;22.9278;18.7428;10.48;8.9287;10.8271;8.4168;0;0;0;0;-35.3838;469.81;634.509;-0.278564;-9.09724;21.6;19.8627
26.04.2024 08:57:02;-0.36256;0.373241;0.168666;-0.287362;0.747093;0.262459;0.674459;0.184332;0;67.8581;61.57;5.7636;6.25617;81.0047;47.5269;20.62;19.8945;75.7845;35.8107;22.5858;22.17;22.3563;22.15;21.623;22.9967;39.4093;43.6586;11.813;12.3007;24.3971;22.0013;21.38;22.33;34.0075;21.3681;22.93;18.7564;10.5248;8.94533;10.844;8.30193;0;0;0;0;-35.3835;471.102;636.879;-0.278604;-9.864;21.604;19.87
26.04.2024 08:57:32;-0.398368;0.307321;0.13245;-0.300343;0.662862;0.122074;0.693787;0.186773;0;67.7828;61.4627;5.7949;6.30617;81;47.452;20.6289;19.8985;75.8921;35.9747;22.59;22.17;22.36;22.1516;21.7353;23.0182;39.7775;43.7214;11.8522;12.3512;24.427;22.01;21.38;22.33;33.4864;21.3834;22.9376;18.7742;10.5706;8.96423;10.8606;8.23963;0;0;0;0;-35.3866;471.727;637.877;-0.278528;-9.70488;21.61;19.8768
26.04.2024 08:58:02;-0.407727;0.350963;0.152999;-0.217088;0.777001;0.129398;0.632751;0.0848415;0;67.7098;61.3552;5.82663;6.35954;81;47.3304;20.63;19.9;75.8846;36.1669;22.59;22.1765;22.361;22.1589;21.8617;23.0424;40.0885;43.8258;11.8941;12.398;24.4542;22.0187;21.38;22.33;33.4588;21.3926;22.9405;18.7915;10.6147;8.9841;10.8755;8.33286;0;0;0;0;-35.3724;473.37;640.057;-0.278448;-8.82712;21.6121;19.8804
26.04.2024 08:58:32;-0.410983;0.399182;0.140792;-0.170985;0.828272;0.19776;0.646484;0.151372;0;67.634;61.2476;5.85996;6.4139;81;47.2754;20.634;19.9;75.7131;36.3564;22.5956;22.18;22.3693;22.16;21.997;23.0706;40.2316;44.1663;11.9327;12.4461;24.4806;22.0276;21.3816;22.3333;33.6031;21.3843;22.949;18.8113;10.66;9.0029;10.8887;8.37863;0;0;0;0;-35.384;475.146;641.947;-0.278406;-9.13535;21.6196;19.89
26.04.2024 08:59:02;-0.330414;0.350047;0.141199;-0.311981;0.740989;0.09888;0.6592;0.109256;0;67.5606;61.1412;5.89433;6.45947;81;47.2137;20.64;19.9;75.6813;36.5298;22.6;22.18;22.37;22.1605;22.1203;23.0978;40.5965;44.2177;11.9698;12.4925;24.5016;22.0338;21.3874;22.34;33.501;21.3773;22.9536;18.8317;10.7024;9.02017;10.9037;8.30084;0;0;0;0;-35.3848;476.863;644.494;-0.27837;-9.24825;21.62;19.8945
26.04.2024 08:59:32;-0.371919;0.365612;0.144251;-0.205003;0.816675;0.39552;0.770592;0.0830103;0;67.4862;61.0326;5.924;6.50484;80.9992;47.1076;20.64;19.9021;75.7281;36.6975;22.6001;22.1867;22.37;22.1682;22.2496;23.1288;41.0289;44.1478;12.0061;12.5416;24.5264;22.04;21.39;22.34;33.6806;21.3784;22.96;18.8484;10.7463;9.0395;10.9184;8.25573;0;0;0;0;-35.3647;478.628;646.162;-0.278378;-10.9644;21.6295;19.9
26.04.2024 09:00:02;-0.432956;0.318003;0.134892;-0.223355;0.761742;0.11597;0.675476;0.144658;0;67.4141;60.9267;5.95097;6.54853;80.9914;47.008;20.6481;19.9095;75.6894;36.8897;22.6079;22.19;22.378;22.17;22.3907;23.1611;41.1687;44.196;12.0441;12.5877;24.5535;22.0459;21.39;22.34;33.4115;21.3849;22.9645;18.8649;10.7887;9.0567;10.932;8.3312;0;0;0;0;-35.3648;479.831;647.622;-0.278352;-9.39607;21.63;19.9071
26.04.2024 09:00:32;-0.338145;0.347606;0.148117;-0.280201;0.798365;0.0976592;0.632242;0.178228;0;67.3415;60.8199;5.97956;6.5918;80.9923;46.9424;20.65;19.91;75.5969;37.099;22.61;22.1971;22.38;22.17;22.5333;23.1943;41.2377;44.3863;12.0811;12.6333;24.5739;22.0505;21.39;22.34;33.5434;21.39;22.97;18.8818;10.8316;9.07657;10.9441;8.375;0;0;0;0;-35.3842;481.362;649.702;-0.278388;-8.88963;21.6383;19.9117
26.04.2024 09:01:02;-0.40081;0.359508;0.0956247;-0.33078;0.673238;-0.0830103;0.664286;0.136113;0;67.2685;60.7127;6.00987;6.63787;80.99;46.9229;20.6517;19.91;75.5862;37.2952;22.6125;22.2;22.38;22.1759;22.6834;23.2297;41.5411;44.4979;12.1145;12.6791;24.5912;22.0595;21.3916;22.3472;33.666;21.3937;22.9775;18.8996;10.8729;9.09484;10.958;8.4097;0;0;0;0;-35.3751;483.326;651.786;-0.278223;-9.4026;21.64;19.92
26.04.2024 09:01:32;-0.507014;0.312509;0.103763;-0.294076;0.656758;-0.070803;0.685649;-0.210578;0;67.1969;60.6073;6.04;6.6835;80.99;46.8433;20.6574;19.9146;75.4946;37.4506;22.62;22.2;22.3852;22.18;22.8341;23.2661;41.8622;44.4671;12.1511;12.7261;24.61;22.0668;21.3997;22.35;33.8103;21.4031;22.9805;18.9205;10.9142;9.11367;10.9734;8.48984;0;0;0;0;-35.3817;484.89;653.209;-0.278262;-9.84187;21.6466;19.9242
26.04.2024 09:02:02;-0.388195;0.367138;0.144251;-0.220669;0.838038;0.173345;0.775679;0.137944;0;67.1238;60.5014;6.0665;6.72624;80.982;46.7932;20.66;19.92;75.5065;37.6314;22.6208;22.2084;22.39;22.18;22.9742;23.3041;41.9723;44.5278;12.1856;12.7721;24.6341;22.0736;21.4;22.35;33.3785;21.4178;22.9899;18.942;10.9545;9.13197;10.9872;8.5462;0;0;0;0;-35.3692;486.576;655.111;-0.278196;-10.7243;21.65;19.93
26.04.2024 09:02:32;-0.349539;0.326853;0.137537;-0.292734;0.775781;0.0952177;0.64038;0.14771;0;67.0499;60.399;6.09343;6.76603;80.98;46.7882;20.6621;19.92;75.6342;37.8277;22.63;22.21;22.39;22.1811;23.113;23.3408;42.0011;44.67;12.2185;12.8223;24.6572;22.0816;21.4;22.3501;33.2348;21.4232;22.99;18.9686;10.9954;9.15077;11.0049;8.5772;0;0;0;0;-35.3756;488.018;656.808;-0.278185;-8.74486;21.6549;19.9368
26.04.2024 09:03:02;-0.343028;0.371105;0.136113;-0.176804;0.75808;0.18067;0.800094;0.140385;0;66.9765;60.2937;6.12;6.81;80.98;46.7594;20.67;19.92;75.5756;37.9922;22.63;22.2109;22.394;22.1887;23.2576;23.3763;42.0133;44.9419;12.2558;12.8709;24.6808;22.0898;21.4;22.3568;33.4504;21.4332;22.9992;18.9978;11.0376;9.17063;11.0233;8.64773;0;0;0;0;-35.3733;489.85;659.032;-0.278178;-11.1054;21.66;19.9404
26.04.2024 09:03:32;-0.415052;0.375072;0.12655;-0.188442;0.783105;0.157476;0.812301;0.0573748;0;66.905;60.1896;6.14647;6.85053;80.98;46.718;20.67;19.92;75.5146;38.1135;22.6326;22.2189;22.4;22.19;23.4072;23.414;42.3552;44.775;12.2932;12.9237;24.7012;22.0998;21.401;22.36;33.5571;21.4535;23.0027;19.0305;11.0773;9.18943;11.0416;8.67883;0;0;0;0;-35.387;490.87;659.839;-0.278181;-11.3659;21.6643;19.95
26.04.2024 09:04:02;-0.413017;0.381787;0.102746;-0.354055;0.80813;0.192877;0.660217;0.145268;0;66.8334;60.086;6.17293;6.8917;80.9749;46.6957;20.6751;19.9259;75.3975;38.2679;22.64;22.22;22.4;22.197;23.556;23.4507;42.632;44.6262;12.3292;12.9744;24.7217;22.1082;21.4073;22.36;33.3222;21.467;23.01;19.0671;11.1213;9.20547;11.062;8.68486;0;0;0;0;-35.372;491.442;660.493;-0.278143;-9.03991;21.67;19.9576
26.04.2024 09:04:32;-0.358898;0.344554;0.107629;-0.306609;0.710471;0.0927763;0.603758;-0.0622578;0;66.7589;59.9828;6.20257;6.93333;80.97;46.6617;20.68;19.93;75.3672;38.4364;22.64;22.2238;22.4028;22.2;23.6976;23.49;42.7131;44.8231;12.3658;13.0278;24.7389;22.1182;21.41;22.3614;33.3227;21.4826;23.0147;19.1068;11.161;9.2213;11.0813;8.50133;0;0;0;0;-35.363;492.868;663.182;-0.278137;-8.25571;21.6726;19.9612
26.04.2024 09:05:02;-0.308033;0.364391;0.0982696;-0.142338;0.777611;0.11597;0.668356;-0.0042726;0;66.6851;59.88;6.22903;6.9742;80.97;46.6248;20.68;19.93;75.3885;38.5957;22.6466;22.23;22.4095;22.2;23.8292;23.5272;42.7573;44.7942;12.4039;13.0794;24.7523;22.1271;21.41;22.37;33.3265;21.4931;23.02;19.1486;11.2037;9.23587;11.1033;8.43367;0;0;0;0;-35.3495;495.253;665.809;-0.278169;-9.10314;21.68;19.97
26.04.2024 09:05:32;-0.466323;0.317087;0.13184;-0.336599;0.792871;0.0537126;0.649027;0.245369;0;66.613;59.7781;6.25453;7.01707;80.9684;46.5872;20.685;19.9342;75.3881;38.7374;22.65;22.23;22.41;22.2063;23.975;23.568;42.7246;44.8194;12.4432;13.13;24.7617;22.1344;21.41;22.37;33.431;21.4965;23.0234;19.1868;11.2457;9.2526;11.1226;8.40356;0;0;0;0;-35.3685;496.829;667.93;-0.278026;-8.9387;21.6851;19.9748
26.04.2024 09:06:02;-0.410169;0.355541;0.144454;-0.290496;0.814234;-0.11475;0.654622;0.136113;0;66.5415;59.6758;6.2831;7.0603;80.96;46.5581;20.69;19.94;75.4045;38.8904;22.65;22.2351;22.4132;22.21;24.1098;23.6108;42.8565;44.8616;12.4797;13.1768;24.77;22.1417;21.4116;22.37;33.2828;21.4887;23.03;19.2203;11.286;9.26983;11.1398;8.32547;0;0;0;0;-35.3637;496.857;668.536;-0.278002;-8.92712;21.69;19.98
26.04.2024 09:06:32;-0.325938;0.414746;0.133264;-0.192918;0.848414;0.338145;0.666829;0.206305;0;66.4695;59.5747;6.3133;7.1067;80.96;46.5217;20.6905;19.94;75.4126;38.8323;22.6564;22.24;22.4194;22.21;24.2383;23.6643;43.1104;44.82;12.5168;13.2243;24.77;22.1495;21.4181;22.3721;33.1621;21.4887;23.0316;19.2491;11.3273;9.28563;11.1538;8.357;0;0;0;0;-35.3623;499.081;670.811;-0.278143;-9.00714;21.6939;19.9863
26.04.2024 09:07:02;-0.358898;0.354015;0.149134;-0.280648;0.819117;0.219733;0.720237;0.268563;0;66.3953;59.4905;6.34347;7.1534;80.96;46.4968;20.698;19.9421;76.9479;44.0505;22.66;22.24;22.42;22.2111;24.3601;23.7228;43.2238;44.7627;12.5541;13.2681;24.77;22.1569;21.42;22.3795;33.1774;21.5073;23.04;19.2674;11.3644;9.29904;11.1648;8.32793;0;0;0;0;-35.3742;500.615;672.715;-0.278008;-9.72736;21.7;19.9905
26.04.2024 09:07:32;-0.537126;0.29603;0.0789412;-0.397026;0.787988;-0.0427259;0.63682;0.0744651;0;66.7362;59.7152;6.37154;7.2132;80.9506;47.5723;20.7;19.9498;79.9578;70.2597;22.6604;22.247;22.4219;22.2192;24.4752;23.7838;43.2718;44.742;12.5871;13.3111;24.77;22.1606;21.42;22.38;33.5249;21.5264;23.0421;19.28;11.4047;9.31287;11.1731;8.30907;0;0;0;0;-35.3743;501.394;673.706;-0.277908;-8.83792;21.7033;19.9998
26.04.2024 09:08:02;-0.373547;0.357677;0.104373;-0.243497;0.698874;0.0463881;0.700908;-0.0518815;0;69.2666;61.3537;6.40113;7.2638;80.9341;49.925;20.7;19.95;80.5704;78.4219;22.6695;22.25;22.4295;22.22;24.605;23.8457;43.2665;44.7916;12.6197;13.3549;24.769;22.17;21.4243;22.38;33.5545;21.5369;23.0498;19.2833;11.4423;9.32543;11.1815;8.21113;0;0;0;0;-35.3462;503.972;676.47;-0.277968;-9.73768;21.71;20.0035
26.04.2024 09:08:32;-0.262866;0.415662;0.127567;-0.187099;0.749534;0.144047;0.779748;0.228889;0;71.4573;62.9954;6.42953;7.31013;80.9031;50.9543;20.701;19.9507;80.7097;79.9668;22.67;22.2505;22.43;22.22;24.7364;23.9047;43.3021;44.9248;12.6514;13.3989;24.76;22.17;21.4289;22.3805;33.1582;21.5446;23.05;19.29;11.481;9.34183;11.1919;8.24103;0;0;0;0;-35.3497;505.84;678.605;-0.277933;-10.4827;21.71;20.01
26.04.2024 09:09:02;-0.306813;0.451064;0.178432;-0.24663;0.913114;0.275887;0.80874;0.300912;0;72.8441;64.199;6.45737;7.3585;80.8536;51.8717;20.71;19.959;80.7393;80.3257;22.6722;22.2589;22.43;22.2284;24.8693;23.9691;43.4774;45.0108;12.6807;13.4408;24.7517;22.1789;21.43;22.3871;33.0271;21.5495;23.0517;19.29;11.5197;9.3585;11.2056;8.30836;0;0;0;0;-35.3578;507.442;680.581;-0.277926;-10.7319;21.7184;20.0171
26.04.2024 09:09:32;-0.443129;0.336619;0.0819931;-0.211269;0.802026;0.145268;0.736004;0.0207526;0;73.7465;65.1376;6.48437;7.40687;80.7817;52.0394;20.71;19.96;80.73;80.4148;22.68;22.26;22.4359;22.23;24.9831;24.0398;43.6297;44.9866;12.7115;13.486;24.7428;22.18;21.43;22.39;33.1915;21.5484;23.06;19.29;11.5567;9.3805;11.2171;8.36257;0;0;0;0;-35.3573;510.031;683.547;-0.277904;-9.89629;21.72;20.02
26.04.2024 09:10:02;-0.375174;0.340587;0.125533;-0.153081;0.739158;0.18067;0.698365;0.0964385;0;74.3496;65.889;6.51147;7.4552;80.2675;52.2599;20.71;19.96;80.6971;80.4253;22.68;22.26;22.44;22.23;25.0895;24.1148;43.6718;45.0728;12.7429;13.5302;24.7329;22.18;21.43;22.39;33.047;21.5463;23.06;19.2984;11.597;9.4009;11.2314;8.41217;0;0;0;0;-35.3577;512.543;686.244;-0.277837;-9.29552;21.7278;20.0291
26.04.2024 09:10:32;-0.347097;0.362255;0.135299;-0.284677;0.772729;-0.0231941;0.624104;0.135502;0;74.7636;66.5;6.53897;7.50353;74.3642;52.7758;20.71;19.96;80.5967;80.3902;22.682;22.2681;22.44;22.2334;25.2112;24.1855;43.7232;45.1336;12.7702;13.5721;24.7201;22.1867;21.4337;22.3906;33.1501;21.5559;23.0656;19.3062;11.634;9.42233;11.2454;8.51927;0;0;0;0;-35.3574;514.586;688.481;-0.27787;-8.36834;21.73;20.0311
26.04.2024 09:11:02;-0.401217;0.37141;0.107629;-0.302133;0.820948;-0.0939971;0.780765;0.0671407;0;75.0446;66.9628;6.56757;7.54304;66.8781;53.5418;20.7174;19.96;79.8704;80.1617;22.69;22.27;22.4458;22.24;25.3153;24.2531;43.7793;45.3275;12.7997;13.6134;24.7083;22.19;21.4392;22.3952;33.2008;21.5779;23.07;19.3135;11.6723;9.44724;11.2596;8.60497;0;0;0;0;-35.3604;516.929;691.131;-0.277792;-10.4839;21.7345;20.04
26.04.2024 09:11:32;-0.377209;0.392773;0.154627;-0.209927;0.829493;0.151372;0.732953;0.0079348;0;75.1818;67.0702;6.5972;7.5764;62.0598;53.7557;20.7197;19.9668;76.2541;78.4274;22.69;22.2705;22.4498;22.24;25.4298;24.3129;43.8491;45.3582;12.8318;13.6552;24.6967;22.19;21.44;22.4;33.1346;21.591;23.07;19.3239;11.712;9.47207;11.2758;8.64573;0;0;0;0;-35.3447;518.718;693.26;-0.277727;-9.80387;21.74;20.0473
26.04.2024 09:12:02;-0.321869;0.336009;0.0852484;-0.260058;0.711692;0.0427259;0.635802;0.0848415;0;74.8889;66.8039;6.6242;7.6116;60.1493;53.7467;20.72;19.97;70.9393;73.9165;22.6949;22.2794;22.4516;22.2405;25.5378;24.3724;43.9787;45.5842;12.8588;13.6965;24.6852;22.1924;21.44;22.4;32.9952;21.5884;23.07;19.3328;11.7507;9.4935;11.2924;8.72301;0;0;0;0;-35.35;519.226;693.816;-0.277696;-8.40155;21.7422;20.0509
26.04.2024 09:12:32;-0.355642;0.366833;0.137333;-0.307952;0.855129;0.241707;0.660726;0.0915555;0;74.0316;66.2922;6.64866;7.64787;59.2802;53.5464;20.72;19.97;66.8613;69.291;22.7;22.28;22.4598;22.2495;25.6526;24.4357;44.121;45.6324;12.8851;13.7384;24.6726;22.1995;21.44;22.4;33.0532;21.58;23.07;19.3465;11.792;9.51343;11.3118;8.7976;0;0;0;0;-35.3515;520.438;694.771;-0.277635;-8.76778;21.75;20.06
26.04.2024 09:13:02;-0.470799;0.359813;0.11475;-0.243945;0.848415;-0.11597;0.698874;0.0604265;0;73.0027;65.6177;6.67296;7.69117;59.0086;53.4254;20.72;19.97;64.1392;65.8865;22.7042;22.2866;22.46;22.25;25.7846;24.4936;44.2095;45.7694;12.9165;13.7807;24.6621;22.2;21.4415;22.4007;33.0103;21.575;23.0721;19.3658;11.8307;9.5353;11.329;8.83863;0;0;0;0;-35.3526;521.013;695.627;-0.277658;-9.27238;21.7505;20.0624
26.04.2024 09:13:32;-0.411389;0.373241;0.10478;-0.22604;0.776391;-0.0219733;0.724306;0.14893;0;71.8412;64.92;6.70203;7.74013;58.7782;53.4944;20.72;19.97;62.2148;63.528;22.71;22.29;22.46;22.25;25.906;24.5583;44.2546;45.9612;12.9452;13.821;24.65;22.2;21.4489;22.4089;32.8442;21.5775;23.075;19.3899;11.8731;9.55677;11.3499;8.71986;0;0;0;0;-35.3579;521.881;697.167;-0.277671;-9.44317;21.759;20.07
26.04.2024 09:14:02;-0.399182;0.371715;0.0942005;-0.316457;0.853908;-0.00244139;0.658182;0.123295;0;70.6074;64.2666;6.73173;7.78877;58.4136;53.5636;20.72;19.97;61.1358;61.9683;22.71;22.29;22.467;22.2561;26.0081;24.6285;44.3233;46.0486;12.9745;13.8629;24.6376;22.2;21.45;22.41;33.2744;21.5857;23.0768;19.4217;11.9135;9.57877;11.3708;8.75836;0;0;0;0;-35.3549;523.046;699.221;-0.277679;-8.89026;21.762;20.0755
26.04.2024 09:14:32;-0.384533;0.376599;0.109867;-0.214403;0.941191;0.140385;0.743634;0.111698;0;69.4498;63.6184;6.76293;7.842;58.1653;53.474;20.72;19.9694;60.3588;60.9801;22.7145;22.2958;22.47;22.26;26.0919;24.687;44.4465;46.1641;13.0048;13.9021;24.6238;22.2;21.45;22.41;33.0067;21.5948;23.0794;19.4583;11.9551;9.59917;11.3934;8.8405;0;0;0;0;-35.3375;524.781;701.343;-0.277569;-9.81365;21.77;20.08
26.04.2024 09:15:02;-0.423597;0.383007;0.117801;-0.22425;0.817896;0.0244148;0.740582;0.161748;0;68.3904;63.0018;6.7982;7.8968;57.8852;53.4405;20.72;19.97;59.6257;60.1673;22.72;22.3;22.47;22.26;26.1768;24.7674;44.6127;46.3006;13.0357;13.945;24.6118;22.2;21.45;22.41;33.1036;21.5994;23.0785;19.4959;11.9953;9.61953;11.4148;8.94954;0;0;0;0;-35.3459;525.729;701.885;-0.277593;-9.86308;21.77;20.0864
26.04.2024 09:15:32;-0.336111;0.37904;0.110274;-0.197841;0.706809;-0.170904;0.82756;0.133671;0;67.414;62.4253;6.83383;7.94987;57.6035;53.4378;20.7216;19.9689;59.185;59.5149;22.72;22.3;22.4773;22.2616;26.2376;24.839;44.7441;46.3235;13.066;13.9873;24.5999;22.2005;21.4505;22.4167;33.1935;21.6;23.0794;19.5333;12.0351;9.63887;11.4352;8.99523;0;0;0;0;-35.3392;526.702;702.651;-0.277537;-11.0779;21.775;20.09
26.04.2024 09:16:02;-0.291757;0.454726;0.164393;-0.221564;0.982086;0.192877;0.721254;0.250862;0;66.5084;61.8741;6.86667;8.0012;57.3851;53.5009;20.7282;19.9679;58.7374;59.1136;22.7247;22.305;22.48;22.27;26.3345;24.9003;44.8391;46.4045;13.0986;14.0332;24.5871;22.2005;21.4581;22.42;32.8937;21.6;23.0795;19.568;12.0779;9.65924;11.4546;9.07817;0;0;0;0;-35.3435;527.7;703.756;-0.277593;-9.42182;21.78;20.0973
26.04.2024 09:16:32;-0.288095;0.390637;0.0673442;-0.0908638;0.838039;0.00244147;0.751773;0.141606;0;65.679;61.3842;6.90053;8.05127;57.1344;53.5605;20.73;19.9637;58.3275;58.6926;22.73;22.31;22.48;22.27;26.4309;24.9816;44.9649;46.4909;13.1319;14.082;24.5767;22.2052;21.46;22.42;32.967;21.5973;23.0795;19.6045;12.1188;9.6807;11.4748;9.16127;0;0;0;0;-35.3391;529.067;705.182;-0.277532;-9.88708;21.7805;20.1
26.04.2024 09:17:02;-0.489517;0.351573;0.125329;-0.287362;0.817896;0.130619;0.759402;0.18189;0;64.9111;60.9457;6.9333;8.1054;56.9101;53.5678;20.73;19.9605;58.0832;58.3676;22.73;22.31;22.4856;22.2705;26.5047;25.049;45.0638;46.6113;13.1654;14.1313;24.5657;22.2058;21.46;22.42;32.8926;21.5884;23.08;19.6412;12.1617;9.7011;11.4969;9.18703;0;0;0;0;-35.3426;530.712;707.519;-0.277496;-9.9296;21.7891;20.1078
26.04.2024 09:17:32;-0.419528;0.37965;0.0891141;-0.277515;0.816065;0.093997;0.756859;-0.00305189;0;64.204;60.5466;6.96563;8.15863;56.7176;53.5572;20.73;19.96;57.8092;58.1183;22.7361;22.3137;22.49;22.2772;26.5772;25.1294;45.139;46.7984;13.1999;14.1789;24.5557;22.2095;21.46;22.4227;32.8115;21.6136;23.0795;19.6793;12.2035;9.72363;11.5204;9.2328;0;0;0;0;-35.3564;532.994;710.191;-0.277491;-9.83032;21.79;20.11
26.04.2024 09:18:02;-0.331635;0.350963;0.108036;-0.186651;0.796533;0.136723;0.694296;0.0469985;0;63.5549;60.1873;7.00173;8.21367;56.5727;53.558;20.73;19.96;57.4801;57.7907;22.74;22.32;22.49;22.28;26.6723;25.1876;45.1945;46.9239;13.2345;14.2288;24.5415;22.21;21.4604;22.4295;32.9497;21.6373;23.0795;19.7211;12.2471;9.74657;11.5436;9.3422;0;0;0;0;-35.3481;533.994;711.562;-0.27736;-9.0767;21.791;20.1171
26.04.2024 09:18:32;-0.2413;0.44557;0.129195;-0.0872829;0.929594;0.205084;0.828069;0.207526;0;62.9486;59.8495;7.03707;8.26587;56.458;53.5341;20.73;19.96;57.1106;57.3941;22.74;22.32;22.4922;22.2817;26.7798;25.2482;45.3274;46.9343;13.2699;14.2769;24.531;22.21;21.4684;22.43;32.8525;21.6363;23.0795;19.7665;12.2909;9.77017;11.5686;9.5045;0;0;0;0;-35.3232;533.968;711.526;-0.277461;-10.7224;21.7995;20.12
26.04.2024 09:19:02;-0.442315;0.306406;0.0915555;-0.315114;0.649434;-0.140385;0.740583;-0.183721;0;62.3741;59.5145;7.06987;8.31853;56.3136;53.5252;20.731;19.9605;56.8981;57.1122;22.7447;22.3202;22.5;22.29;26.8684;25.3018;45.481;46.9418;13.3075;14.3276;24.5201;22.21;21.47;22.43;32.8016;21.6461;23.0795;19.8156;12.3354;9.79163;11.5969;9.623;0;0;0;0;-35.3301;535.059;712.925;-0.277532;-9.54071;21.8;20.1264
26.04.2024 09:19:32;-0.454115;0.274667;0.0449639;-0.247078;0.632344;-0.295419;0.674459;-0.145879;0;61.8384;59.1901;7.1046;8.372;56.1913;53.5508;20.7384;19.9639;56.7402;56.9527;22.75;22.3284;22.5;22.29;26.9293;25.3691;45.549;47.0298;13.3449;14.3767;24.5081;22.21;21.47;22.43;32.8169;21.6648;23.08;19.8674;12.3814;9.81257;11.6215;9.6797;0;0;0;0;-35.3551;536.653;714.872;-0.277563;-8.69204;21.8046;20.1316
26.04.2024 09:20:02;-0.335704;0.26429;0.054323;-0.215746;0.64333;-0.261238;0.660217;-0.028077;0;61.3408;58.8849;7.1365;8.42243;56.0804;53.5581;20.74;19.9679;56.5936;56.7817;22.75;22.33;22.5;22.29;27.0061;25.4308;45.5954;47.1626;13.3839;14.4305;24.4991;22.21;21.47;22.4332;32.8998;21.6854;23.08;19.9198;12.4273;9.83243;11.647;9.7848;0;0;0;0;-35.3497;537.516;715.814;-0.277666;-8.56362;21.81;20.1395
26.04.2024 09:20:32;-0.355642;0.421766;0.133061;-0.242154;0.886868;0.0781273;0.734479;0.054323;0;60.8809;58.606;7.16773;8.46973;55.9618;53.5348;20.74;19.97;56.399;56.6066;22.7529;22.33;22.5062;22.2932;27.106;25.5058;45.6119;47.4009;13.4231;14.4834;24.49;22.21;21.4717;22.4391;32.8127;21.7042;23.08;19.9746;12.4754;9.85763;11.6699;9.8707;0;0;0;0;-35.3391;539.194;718.057;-0.277326;-9.44567;21.81;20.141
26.04.2024 09:21:02;-0.522477;0.37965;0.0836207;-0.292286;0.719016;-0.44557;0.71922;-0.0152592;0;60.4501;58.3462;7.19793;8.51733;55.8562;53.5278;20.7403;19.97;56.2564;56.4361;22.76;22.3341;22.51;22.2998;27.1902;25.5781;45.718;47.517;13.4623;14.5381;24.4794;22.21;21.4789;22.44;32.8986;21.7121;23.08;20.0269;12.5219;9.88003;11.6974;9.82826;0;0;0;0;-35.3378;541.074;719.868;-0.277221;-9.31119;21.8175;20.1495
26.04.2024 09:21:32;-0.28077;0.41963;0.14303;-0.0881781;0.965605;0.0463882;0.800094;0.244148;0;60.0426;58.1035;7.22757;8.5644;55.7257;53.4784;20.7431;19.97;56.1389;56.2999;22.76;22.34;22.51;22.3;27.2666;25.6346;45.9447;47.4377;13.5041;14.5954;24.4661;22.21;21.48;22.44;32.8993;21.7121;23.08;20.0803;12.5709;9.9036;11.721;9.75863;0;0;0;0;-35.337;542.734;721.764;-0.277225;-10.3471;21.82;20.1505
26.04.2024 09:22:02;-0.369477;0.363475;0.0732444;-0.288257;0.830714;-0.111087;0.626138;0.0384533;0;59.6568;57.8773;7.25563;8.6133;55.6207;53.4553;20.7495;19.97;56.0384;56.1906;22.7616;22.34;22.5129;22.3;27.3286;25.7058;46.0257;47.4314;13.5437;14.652;24.4556;22.2106;21.48;22.44;32.6521;21.7095;23.08;20.1289;12.6186;9.92504;11.7478;9.50383;0;0;0;0;-35.3308;544.802;724.903;-0.27724;-7.91977;21.8205;20.1588
26.04.2024 09:22:32;-0.435397;0.368053;0.128381;-0.272591;0.773339;0.107425;0.751264;0.0830102;0;59.2991;57.6627;7.2863;8.66053;55.4968;53.4215;20.75;19.97;55.9352;56.0844;22.77;22.34;22.5195;22.3049;27.3937;25.7698;46.0026;47.5332;13.5877;14.7068;24.4467;22.2142;21.48;22.4446;32.5817;21.7066;23.08;20.1748;12.6672;9.94627;11.775;9.507;0;0;0;0;-35.342;546.702;727.551;-0.277273;-9.44048;21.8274;20.16
26.04.2024 09:23:02;-0.456557;0.358287;0.0840277;-0.211269;0.775781;-0.0842312;0.716168;0.178228;0;58.9611;57.4633;7.3192;8.71054;55.3706;53.4225;20.75;19.97;55.8342;55.9832;22.77;22.3459;22.52;22.31;27.4782;25.8269;46.0194;47.6993;13.6264;14.757;24.4373;22.219;21.48;22.45;32.5608;21.7038;23.08;20.2163;12.7158;9.96843;11.8;9.5741;0;0;0;0;-35.3298;548.491;729.766;-0.27713;-8.99516;21.83;20.1676
26.04.2024 09:23:32;-0.255135;0.455031;0.136723;-0.163823;0.97232;-0.0134282;0.754824;0.153203;0;58.6443;57.2765;7.34933;8.7576;55.2473;53.3941;20.75;19.97;55.6922;55.8715;22.7705;22.35;22.52;22.31;27.5436;25.9031;46.0929;47.8341;13.6683;14.8082;24.4268;22.22;21.4831;22.45;32.5474;21.7181;23.08;20.2522;12.7624;9.98777;11.8231;9.67866;0;0;0;0;-35.3245;549.502;730.583;-0.277122;-9.45041;21.8314;20.17
26.04.2024 09:24:02;-0.463067;0.330515;0.0590025;-0.367484;0.753807;-0.0683615;0.589516;-0.0646992;0;58.344;57.0955;7.38143;8.80946;55.1164;53.2851;20.75;19.97;55.5492;55.7316;22.7776;22.35;22.5285;22.31;27.6025;25.9663;46.2912;47.7835;13.7075;14.862;24.4163;22.22;21.4898;22.4517;32.596;21.7357;23.08;20.283;12.8105;10.007;11.8459;9.78553;0;0;0;0;-35.3356;550.691;731.563;-0.277133;-7.38737;21.8389;20.177
26.04.2024 09:24:32;-0.309254;0.44618;0.177414;-0.120853;0.897244;0.119633;0.864691;0.281381;0;58.0598;56.9244;7.41543;8.85724;54.9633;53.2248;20.75;19.97;55.4165;55.5911;22.78;22.3525;22.53;22.3156;27.6629;26.0101;46.454;47.7277;13.7488;14.9149;24.4064;22.22;21.49;22.4579;32.5486;21.7384;23.08;20.3155;12.858;10.0244;11.8696;9.81314;0;0;0;0;-35.3345;552.013;733.477;-0.277183;-10.8369;21.84;20.18
26.04.2024 09:25:02;-0.427666;0.472121;0.142216;-0.216193;1.0596;0.347911;0.830612;0.344859;0;57.7885;56.7593;7.44777;8.90827;54.8735;53.2046;20.75;19.97;55.3034;55.4649;22.78;22.36;22.5336;22.32;27.7412;26.0649;46.5021;47.7926;13.788;14.9717;24.398;22.22;21.49;22.46;32.5215;21.7368;23.08;20.3453;12.9061;10.0452;11.8929;9.75217;0;0;0;0;-35.3258;554.155;736.031;-0.277279;-10.3629;21.8413;20.1847
26.04.2024 09:25:32;-0.343842;0.402539;0.138147;-0.26543;0.899686;-0.106204;0.668864;0.0958281;0;57.5295;56.5976;7.47947;8.9566;54.7996;53.2097;20.75;19.97;55.1854;55.3539;22.7868;22.36;22.54;22.32;27.8236;26.1286;46.5218;47.8698;13.8282;15.0255;24.3886;22.22;21.49;22.46;32.7066;21.7439;23.08;20.3776;12.9542;10.0657;11.9167;9.61953;0;0;0;0;-35.343;555.452;737.634;-0.277036;-8.49697;21.85;20.19
26.04.2024 09:26:02;-0.396741;0.419324;0.111087;-0.23365;0.786157;-0.142827;0.664286;0.24781;0;57.2778;56.4395;7.5133;9.00653;54.7213;53.1967;20.75;19.97;55.0709;55.2156;22.79;22.3649;22.54;22.32;27.9175;26.1779;46.5487;48.0429;13.8695;15.0802;24.376;22.22;21.4911;22.46;32.5382;21.7582;23.08;20.4138;13.0006;10.0845;11.9408;9.36166;0;0;0;0;-35.3348;555.899;739.38;-0.277003;-8.30092;21.8501;20.1935
26.04.2024 09:26:32;-0.482599;0.307016;0.104373;-0.283781;0.648213;-0.283212;0.717693;-0.0177007;0;57.0372;56.2852;7.5435;9.05597;54.6447;53.1183;20.75;19.97;54.9387;55.1121;22.794;22.37;22.5402;22.3248;27.995;26.256;46.6289;48.2084;13.9082;15.1293;24.3655;22.2234;21.4979;22.46;32.3299;21.7695;23.08;20.4452;13.0487;10.1028;11.9649;9.3755;0;0;0;0;-35.3291;556.677;739.895;-0.276976;-8.76975;21.8584;20.2
26.04.2024 09:27:02;-0.40732;0.383923;0.112918;-0.289153;0.827052;0.0122074;0.770592;0.0860622;0;56.8044;56.1344;7.57473;9.10746;54.5612;53.0229;20.75;19.97;54.8346;54.9993;22.7995;22.37;22.5458;22.33;28.0705;26.3283;46.7567;48.1351;13.949;15.1727;24.3577;22.2273;21.5;22.4661;32.1278;21.7705;23.08;20.4755;13.0942;10.1189;11.9879;9.46377;0;0;0;0;-35.3308;557.898;741.298;-0.276879;-9.23236;21.86;20.2005
26.04.2024 09:27:32;-0.281584;0.360729;0.0907417;-0.23365;0.822779;0.124516;0.73041;0.0903348;0;56.5773;55.9882;7.6108;9.15853;54.4835;53.007;20.7505;19.97;54.7165;54.8927;22.8;22.37;22.55;22.33;28.1488;26.4037;46.86;48.1356;13.9854;15.2161;24.3482;22.2295;21.5;22.47;32.4778;21.7725;23.08;20.5027;13.1392;10.1349;12.0067;9.59793;0;0;0;0;-35.3313;559.281;742.39;-0.276939;-9.05513;21.8616;20.2097
26.04.2024 09:28:02;-0.410982;0.379956;0.112918;-0.231859;0.762963;0.0512711;0.666829;0.117191;0;56.3549;55.8438;7.64293;9.20893;54.3952;52.9722;20.75;19.97;54.5936;54.7486;22.8;22.3771;22.55;22.33;28.2063;26.4743;46.9255;48.1617;14.0227;15.2595;24.3389;22.23;21.5;22.47;32.3956;21.78;23.08;20.5309;13.1795;10.1524;12.0266;9.71317;0;0;0;0;-35.3248;560.67;744.13;-0.27692;-8.19457;21.87;20.2133
26.04.2024 09:28:32;-0.427259;0.407422;0.124719;-0.286019;0.921659;0.0720237;0.776187;0.176397;0;56.1399;55.7016;7.6753;9.26056;54.326;52.9187;20.75;19.97;54.5439;54.6718;22.8068;22.38;22.5527;22.3356;28.2914;26.5117;46.9663;48.2249;14.0603;15.3059;24.3304;22.23;21.5;22.47;32.1932;21.7781;23.0795;20.5644;13.2224;10.1659;12.048;9.74123;0;0;0;0;-35.3187;561.759;745.116;-0.276841;-9.35884;21.87;20.2195
26.04.2024 09:29:02;-0.322682;0.355541;0.0962351;-0.250659;0.854518;-0.104984;0.768558;0.0512711;0;55.928;55.5597;7.7104;9.31617;54.2583;52.8796;20.7527;19.97;54.4789;54.6178;22.81;22.38;22.5595;22.34;28.3614;26.5961;47.022;48.3589;14.0964;15.3524;24.3225;22.23;21.5002;22.47;32.2006;21.7836;23.0784;20.5984;13.2644;10.1784;12.0716;9.7458;0;0;0;0;-35.3168;563.3;746.643;-0.276868;-9.25686;21.8708;20.2205
26.04.2024 09:29:32;-0.410983;0.374157;0.139368;-0.291391;0.938139;0.209967;0.667338;0.272835;0;55.7207;55.4214;7.74403;9.37073;54.1831;52.8687;20.7596;19.97;54.3938;54.5233;22.81;22.3816;22.56;22.34;28.4314;26.6743;47.1191;48.4629;14.1356;15.401;24.3126;22.23;21.5084;22.4736;32.3567;21.8089;23.0728;20.635;13.3076;10.192;12.0932;9.63653;0;0;0;0;-35.3273;565.561;749.541;-0.276817;-8.13677;21.8784;20.229
26.04.2024 09:30:02;-0.428073;0.351573;0.103356;-0.227383;0.735496;0.0512711;0.73397;0.00854521;0;55.5181;55.2885;7.77687;9.42447;54.095;52.8553;20.76;19.97;54.3085;54.446;22.8139;22.3873;22.5604;22.34;28.4759;26.7288;47.2539;48.512;14.1732;15.4479;24.3053;22.23;21.51;22.48;32.3973;21.8296;23.0716;20.6742;13.3494;10.2062;12.1155;9.62923;0;0;0;0;-35.3172;566.79;751.198;-0.276862;-8.97114;21.88;20.23
26.04.2024 09:30:32;-0.414645;0.426954;0.0964385;-0.285124;0.87283;-0.0195319;0.765506;0.116581;0;55.3208;55.1548;7.81113;9.4776;54.0241;52.7874;20.76;19.9702;54.2118;54.3649;22.82;22.39;22.5668;22.3421;28.5176;26.7857;47.3374;48.486;14.2119;15.4919;24.2927;22.2326;21.51;22.48;32.1697;21.8206;23.07;20.7097;13.3907;10.2185;12.1364;9.68296;0;0;0;0;-35.3104;568.38;752.794;-0.276819;-9.17293;21.8801;20.2346
26.04.2024 09:31:02;-0.236824;0.485855;0.193284;-0.113244;1.06388;0.250252;0.827052;0.490127;0;55.128;55.0248;7.8419;9.52966;53.9615;52.7345;20.76;19.974;54.1245;54.2659;22.82;22.39;22.57;22.35;28.5608;26.8378;47.3784;48.4531;14.249;15.5369;24.2838;22.2384;21.5105;22.48;32.2902;21.8095;23.07;20.7471;13.4321;10.2323;12.161;9.76816;0;0;0;0;-35.3219;569.674;754.282;-0.276935;-10.0183;21.8858;20.24
26.04.2024 09:31:32;-0.259204;0.384533;0.101932;-0.106978;0.822779;-0.0964385;0.779239;0.0506607;0;54.9465;54.8989;7.8726;9.588;53.9063;52.721;20.76;19.976;54.0673;54.1879;22.82;22.3916;22.57;22.35;28.6051;26.8983;47.4146;48.4617;14.2855;15.5808;24.2749;22.2395;21.511;22.48;32.3509;21.8105;23.07;20.7829;13.4744;10.2493;12.182;9.85684;0;0;0;0;-35.3192;569.935;754.158;-0.276737;-9.4991;21.89;20.2413
26.04.2024 09:32:02;-0.464695;0.348522;0.0980662;-0.333018;0.664693;-0.216071;0.607827;0.103153;0;54.7639;54.7749;7.90707;9.64094;53.8499;52.7137;20.7605;19.9773;53.9987;54.1259;22.8262;22.3996;22.5707;22.35;28.6602;26.9799;47.4614;48.6154;14.3236;15.6262;24.2676;22.24;21.5194;22.4816;32.3446;21.8091;23.07;20.8221;13.5168;10.2665;12.2043;9.9499;0;0;0;0;-35.3185;568.962;752.213;-0.276717;-7.40903;21.89;20.2495
26.04.2024 09:32:32;-0.339366;0.397961;0.12065;-0.189784;0.946074;0.141606;0.834681;0.202033;0;54.5863;54.6514;7.9388;9.6952;53.7961;52.7132;20.76;19.9779;53.9189;54.0467;22.83;22.4;22.579;22.3524;28.726;27.071;47.4755;48.7361;14.3587;15.6727;24.2587;22.24;21.52;22.4863;32.3887;21.8256;23.07;20.8634;13.5597;10.2848;12.228;10.0416;0;0;0;0;-35.3103;569.504;752.769;-0.27684;-10.2026;21.8952;20.25
26.04.2024 09:33:02;-0.407727;0.393078;0.107629;-0.24663;0.750145;-0.0183111;0.609862;0.0976592;0;54.4178;54.5314;7.97147;9.74953;53.7384;52.6731;20.7605;19.9774;53.8482;53.9818;22.83;22.4;22.58;22.36;28.7622;27.156;47.5697;48.7079;14.3984;15.7234;24.25;22.24;21.52;22.49;32.0176;21.839;23.07;20.9105;13.601;10.3;12.2539;10.1474;0;0;0;0;-35.3276;571.761;755.732;-0.276722;-7.15777;21.8989;20.2565
26.04.2024 09:33:32;-0.314137;0.449233;0.174159;-0.264982;0.973541;0.225837;0.725832;0.299081;0;54.2511;54.4135;8.00597;9.80297;53.6762;52.6261;20.7605;19.9742;53.7838;53.9098;22.8343;22.4025;22.58;22.36;28.8046;27.2308;47.6455;48.7092;14.4366;15.7747;24.2409;22.24;21.52;22.49;31.9656;21.8389;23.07;20.9616;13.6441;10.3182;12.281;10.1863;0;0;0;0;-35.3126;574.86;759.794;-0.276788;-8.49611;21.9;20.26
26.04.2024 09:34:02;-0.323496;0.387891;0.121057;-0.191575;0.839869;-0.107425;0.783308;0.180059;0;54.0898;54.2976;8.03776;9.85407;53.6042;52.5835;20.7642;19.9737;53.7207;53.8456;22.8389;22.409;22.5836;22.36;28.8701;27.3076;47.6973;48.7248;14.4773;15.827;24.2336;22.24;21.5216;22.49;32.1016;21.8331;23.07;21.014;13.6867;10.337;12.3092;10.2497;0;0;0;0;-35.3141;576.936;762.263;-0.276714;-9.29312;21.9005;20.261
26.04.2024 09:34:32;-0.443129;0.372326;0.107832;-0.203213;0.865505;-0.18067;0.718202;0.103763;0;53.9335;54.1833;8.06953;9.90233;53.5464;52.5463;20.7664;19.9721;53.6646;53.7886;22.84;22.41;22.59;22.3689;28.9232;27.3501;47.7206;48.7294;14.5165;15.8804;24.2262;22.2405;21.5259;22.49;32.1844;21.8363;23.07;21.0647;13.7302;10.3569;12.337;10.2446;0;0;0;0;-35.3217;578.881;764.458;-0.276662;-8.61247;21.9076;20.2695
26.04.2024 09:35:02;-0.141606;0.43672;0.137333;-0.0828069;0.875882;0.3296;0.89114;0.200201;0;53.7826;54.071;8.10167;9.95113;53.4758;52.5124;20.7691;19.974;53.5987;53.7284;22.84;22.41;22.59;22.37;28.9797;27.4197;47.7418;48.8141;14.556;15.93;24.2163;22.2411;21.53;22.4965;31.9203;21.84;23.07;21.1128;13.7752;10.3773;12.3641;10.2601;0;0;0;0;-35.3128;581.15;767.05;-0.276724;-10.3971;21.91;20.27
26.04.2024 09:35:32;-0.40081;0.361034;0.0785343;-0.318247;0.751366;-0.166021;0.660726;0.0457778;0;53.6339;53.9604;8.1303;9.9928;53.3752;52.4861;20.77;19.9758;53.5533;53.6692;22.8472;22.4105;22.5905;22.37;29.0446;27.4909;47.7992;48.9269;14.5962;15.9808;24.209;22.2421;21.53;22.5;32.083;21.8428;23.07;21.157;13.8181;10.3993;12.3888;10.3149;0;0;0;0;-35.3146;582.053;768.301;-0.276645;-7.82936;21.91;20.2767
26.04.2024 09:36:02;-0.354015;0.440687;0.126957;-0.132939;0.914335;0.0585955;0.809249;0.175787;0;53.4903;53.8495;8.1577;10.0323;53.3536;52.4533;20.77;19.9789;53.5038;53.6192;22.85;22.4195;22.595;22.37;29.109;27.5545;47.9053;48.911;14.6346;16.0283;24.2005;22.249;21.53;22.5;32.1318;21.8511;23.07;21.1945;13.8639;10.4213;12.4108;10.4065;0;0;0;0;-35.2991;583.468;770.017;-0.276605;-9.62631;21.9164;20.28
26.04.2024 09:36:32;-0.460626;0.278024;0.0573748;-0.276172;0.687277;-0.505387;0.683106;-0.123905;0;53.3504;53.7407;8.18386;10.0759;53.3113;52.4114;20.77;19.98;53.4537;53.5595;22.85;22.42;22.6;22.3749;29.1503;27.6177;47.9719;48.8767;14.6734;16.078;24.1917;22.25;21.53;22.5;32.0916;21.86;23.07;21.2281;13.9081;10.4454;12.4351;10.4504;0;0;0;0;-35.3168;584.294;770.566;-0.2766;-8.09423;21.92;20.2808
26.04.2024 09:37:02;-0.322682;0.394604;0.121667;-0.286915;0.824;0.0109866;0.778222;0.172735;0;53.2134;53.6321;8.21457;10.1166;53.2285;52.3947;20.77;19.98;53.3872;53.4993;22.8505;22.42;22.6;22.38;29.1789;27.6757;47.9658;48.8967;14.7131;16.1284;24.1854;22.25;21.5346;22.5;31.7936;21.8715;23.07;21.2636;13.9538;10.4652;12.4584;10.5372;0;0;0;0;-35.3207;585.887;772.086;-0.276559;-8.94886;21.92;20.29
26.04.2024 09:37:32;-0.495621;0.303659;0.0651061;-0.277067;0.715354;-0.123295;0.615965;-0.0103763;0;53.0812;53.5241;8.24477;10.1609;53.0922;52.3589;20.77;19.98;53.3123;53.4331;22.8595;22.4223;22.6005;22.38;29.204;27.7076;47.9665;48.9695;14.7507;16.1788;24.1792;22.25;21.5395;22.5027;31.99;21.8809;23.07;21.2991;13.9986;10.4866;12.4814;10.5612;0;0;0;0;-35.3061;587.724;774.519;-0.276571;-7.20373;21.9209;20.29
26.04.2024 09:38:02;-0.607522;0.377514;0.0864691;-0.422539;0.835597;-0.130619;0.525427;-0.0231941;0;52.9532;53.4186;8.27384;10.2035;53.0066;52.3192;20.77;19.98;53.2703;53.3765;22.86;22.43;22.6074;22.38;29.2391;27.7779;47.9865;49.0414;14.7921;16.2327;24.17;22.25;21.54;22.5098;31.9691;21.8884;23.07;21.3399;14.0469;10.5081;12.5077;10.567;0;0;0;0;-35.3298;590.209;777.683;-0.276234;-6.12878;21.93;20.2959
26.04.2024 09:38:32;-0.481785;0.299692;0.0417086;-0.399263;0.640278;-0.471206;0.674968;-0.105594;0;52.8293;53.3117;8.30727;10.2514;53.0298;52.301;20.77;19.98;53.2359;53.3375;22.86;22.43;22.61;22.38;29.2885;27.8613;48.0783;49.1012;14.8337;16.2861;24.1624;22.25;21.54;22.51;31.63;21.8939;23.07;21.3839;14.0901;10.529;12.5354;10.3466;0;0;0;0;-35.3048;592.209;781.066;-0.276517;-7.5924;21.93;20.3
26.04.2024 09:39:02;-0.391451;0.295114;0.0555437;-0.217088;0.705588;-0.306406;0.692262;-0.00488294;0;52.7083;53.207;8.33793;10.2995;53.008;52.277;20.77;19.98;53.178;53.2839;22.8623;22.43;22.61;22.3878;29.3384;27.9191;48.2025;49.0755;14.8747;16.3389;24.1561;22.25;21.54;22.51;31.9986;21.9071;23.07;21.428;14.1378;10.5484;12.5615;10.3969;0;0;0;0;-35.3051;593.961;783.148;-0.276562;-8.07567;21.93;20.3068
26.04.2024 09:39:32;-0.27426;0.4532;0.156458;-0.0617695;1.03092;0.212409;0.731936;0.212409;0;52.5904;53.1043;8.37117;10.3498;52.9466;52.2377;20.7702;19.98;53.1247;53.2278;22.8695;22.43;22.6114;22.39;29.3902;27.9469;48.2907;49.0511;14.9142;16.3849;24.1489;22.25;21.54;22.51;31.7517;21.9259;23.07;21.4685;14.1817;10.5666;12.5846;10.4214;0;0;0;0;-35.3041;594.553;784.161;-0.27656;-8.31222;21.937;20.31
26.04.2024 09:40:02;-0.42848;0.348521;0.127161;-0.317799;0.815455;-0.257576;0.723289;0.0805689;0;52.4775;53.0009;8.40617;10.397;52.9417;52.2295;20.7747;19.98;53.071;53.1781;22.87;22.4372;22.6195;22.39;29.4163;28.0021;48.3428;49.0756;14.9537;16.4319;24.1404;22.25;21.5411;22.5105;31.6199;21.9248;23.07;21.5055;14.2287;10.5848;12.605;10.3888;0;0;0;0;-35.3181;594.48;783.537;-0.276401;-8.09076;21.94;20.3105
26.04.2024 09:40:32;-0.315765;0.405896;0.117801;-0.166061;0.849635;0.135502;0.826543;0.143437;0;52.3658;52.9002;8.43686;10.4434;52.8461;52.2165;20.78;19.98;53.0194;53.1259;22.8731;22.44;22.62;22.39;29.4446;28.0628;48.3768;49.0984;14.9913;16.477;24.1342;22.25;21.5489;22.5163;31.7347;21.9191;23.07;21.5385;14.2712;10.6032;12.6256;10.3502;0;0;0;0;-35.2999;594.486;783.24;-0.276504;-9.38237;21.9422;20.3198
26.04.2024 09:41:02;-0.384126;0.368053;0.108036;-0.168747;0.731834;-0.316172;0.660217;0.0183111;0;52.2588;52.8015;8.46866;10.488;52.7916;52.1665;20.78;19.983;52.986;53.0785;22.88;22.44;22.6221;22.3911;29.4782;28.1304;48.3958;49.1631;15.0283;16.5233;24.1242;22.25;21.55;22.52;31.7249;21.9174;23.07;21.5678;14.3164;10.6226;12.6462;10.1121;0;0;0;0;-35.3062;595.601;784.856;-0.276368;-7.48216;21.9489;20.32
26.04.2024 09:41:32;-0.401217;0.393078;0.0785343;-0.225593;0.905179;-0.203864;0.738039;0.0848415;0;52.1524;52.7027;8.5019;10.5331;52.7278;52.1379;20.78;19.9895;52.9409;53.0414;22.88;22.44;22.6291;22.4;29.5315;28.2044;48.4169;49.1964;15.065;16.5659;24.1195;22.2532;21.55;22.52;31.6188;21.9108;23.07;21.593;14.3591;10.6419;12.6644;10.0826;0;0;0;0;-35.3039;596.812;785.727;-0.276485;-8.28305;21.95;20.3255
26.04.2024 09:42:02;-0.439466;0.359508;0.117191;-0.26722;0.863064;-0.294198;0.737022;0.206305;0;52.0527;52.6058;8.53317;10.5815;52.6618;52.1055;20.7816;19.99;52.8979;52.9995;22.88;22.4468;22.63;22.4;29.5908;28.2464;48.3931;49.2444;15.0978;16.6078;24.1106;22.2586;21.55;22.52;31.4124;21.8963;23.07;21.6139;14.4009;10.6575;12.6828;10.1703;0;0;0;0;-35.3194;598.037;787.388;-0.276371;-8.12313;21.9506;20.33
26.04.2024 09:42:32;-0.35727;0.347301;0.0935901;-0.153081;0.864894;0.0231941;0.777205;0.0238044;0;51.954;52.5116;8.56384;10.6304;52.5929;52.0793;20.7894;19.99;52.8614;52.962;22.8875;22.45;22.63;22.4;29.6572;28.3056;48.415;49.2568;15.1335;16.6502;24.1028;22.26;21.5505;22.52;31.472;21.8904;23.07;21.6338;14.4406;10.6745;12.699;10.2855;0;0;0;0;-35.3007;598.948;788.079;-0.276411;-8.62213;21.9577;20.3327
26.04.2024 09:43:02;-0.340993;0.342418;0.09888;-0.231412;0.803247;-0.0488296;0.724815;-0.0140385;0;51.86;52.4202;8.59787;10.6794;52.5937;52.0507;20.79;19.9917;52.8163;52.9219;22.89;22.45;22.6326;22.4;29.7023;28.3819;48.4925;49.2576;15.1671;16.6915;24.0976;22.26;21.5539;22.5253;31.6342;21.8884;23.07;21.652;14.4798;10.692;12.7147;10.2907;0;0;0;0;-35.3079;600.675;790.065;-0.276332;-8.17217;21.96;20.3395
26.04.2024 09:43:32;-0.382092;0.373547;0.0862657;-0.2896;0.891751;-0.03296;0.732444;0.19837;0;51.7689;52.3309;8.63047;10.7282;52.6262;52.0284;20.7924;19.9989;52.7666;52.8807;22.89;22.455;22.64;22.4055;29.7419;28.4264;48.53;49.249;15.1984;16.7307;24.09;22.26;21.559;22.5295;31.4887;21.8899;23.07;21.6692;14.5201;10.7087;12.734;10.3621;0;0;0;0;-35.311;602.349;792.333;-0.27632;-8.13447;21.96;20.34
26.04.2024 09:44:02;-0.448825;0.35371;0.11536;-0.156214;0.79104;-0.24659;0.753299;-0.00122075;0;51.6822;52.2428;8.66177;10.7723;52.6159;51.9945;20.7995;20;52.7326;52.8299;22.8916;22.46;22.64;22.41;29.771;28.4867;48.5347;49.2938;15.232;16.771;24.0818;22.26;21.56;22.53;31.414;21.8951;23.0716;21.6896;14.5572;10.7286;12.7512;10.5178;0;0;0;0;-35.3092;603.025;793.59;-0.276421;-8.30061;21.9633;20.3468
26.04.2024 09:44:32;-0.314137;0.374157;0.0921659;-0.182175;0.798974;-0.227058;0.729393;0.0653096;0;51.5975;52.1586;8.69243;10.8169;52.5802;51.9795;20.8;20;52.6974;52.8027;22.8993;22.46;22.64;22.41;29.7805;28.5422;48.5473;49.3403;15.2638;16.8117;24.0777;22.26;21.56;22.53;31.3976;21.9034;23.0785;21.7095;14.599;10.7458;12.7663;10.5978;0;0;0;0;-35.2957;604.199;794.814;-0.276338;-8.01466;21.97;20.35
26.04.2024 09:45:02;-0.375174;0.343028;0.105187;-0.239469;0.8417;0.0146489;0.734479;0.161748;0;51.5161;52.0759;8.72157;10.8613;52.4892;51.9606;20.8;20.0005;52.6672;52.7771;22.9;22.4605;22.6434;22.41;29.8062;28.5842;48.5684;49.4419;15.2931;16.8533;24.07;22.2641;21.56;22.5335;31.4003;21.9166;23.08;21.7294;14.6361;10.7631;12.7839;10.6783;0;0;0;0;-35.3086;605.931;796.327;-0.276355;-8.07105;21.97;20.353
26.04.2024 09:45:32;-0.476903;0.362865;0.108036;-0.25782;0.833766;-0.196539;0.634785;0.0134281;0;51.4367;51.9947;8.75067;10.9064;52.4081;51.9546;20.8059;20.0078;52.6417;52.7473;22.9001;22.4652;22.65;22.4126;29.8508;28.6369;48.6026;49.4336;15.3287;16.8964;24.0625;22.2695;21.56;22.5389;31.4018;21.9254;23.08;21.7544;14.6758;10.7808;12.7998;10.6991;0;0;0;0;-35.3072;607.131;797.987;-0.276334;-6.95954;21.9716;20.36
26.04.2024 09:46:02;-0.435397;0.324412;0.0701926;-0.275725;0.722068;-0.344249;0.709047;-0.0970489;0;51.3614;51.9159;8.78043;10.9471;52.3167;51.9358;20.8084;20.0095;52.586;52.7012;22.9047;22.47;22.65;22.4199;29.8751;28.7008;48.6439;49.4699;15.3609;16.9404;24.0573;22.27;21.5637;22.54;31.3655;21.9311;23.08;21.7858;14.715;10.7996;12.8223;10.7514;0;0;0;0;-35.2944;608.718;799.637;-0.276377;-7.73744;21.9795;20.3613
26.04.2024 09:46:32;-0.319834;0.360118;0.0984731;-0.244392;0.783105;-0.200201;0.75635;0.157476;0;51.2897;51.8396;8.80903;10.992;52.3304;51.9194;20.81;20.01;52.5231;52.6171;22.91;22.47;22.6501;22.42;29.9127;28.7573;48.6982;49.4484;15.3935;16.9839;24.0495;22.27;21.5698;22.54;31.3251;21.9373;23.08;21.8179;14.7548;10.8174;12.8427;10.746;0;0;0;0;-35.2962;610.323;801.242;-0.276317;-8.21278;21.98;20.37
26.04.2024 09:47:02;-0.345062;0.404675;0.11475;-0.148605;0.985137;0.113529;0.705486;0.203253;0;51.2217;51.764;8.83547;11.0435;52.3379;51.8855;20.81;20.01;52.4838;52.5108;22.91;22.4701;22.6542;22.42;29.9516;28.8195;48.7636;49.4096;15.4283;17.0267;24.0405;22.27;21.57;22.54;31.454;21.9448;23.08;21.8582;14.7951;10.8344;12.8662;10.7823;0;0;0;0;-35.2988;611.793;802.429;-0.276253;-7.74801;21.98;20.37
26.04.2024 09:47:32;-0.423597;0.363475;0.0785343;-0.158004;0.833765;-0.0964385;0.733462;-0.103763;0;51.1521;51.691;8.8662;11.093;52.2874;51.6172;20.81;20.01;52.4602;52.4452;22.91;22.4789;22.66;22.4227;30.0009;28.8694;48.7681;49.3762;15.4631;17.0696;24.0359;22.27;21.57;22.5405;31.6259;21.9496;23.08;21.9028;14.8347;10.8481;12.8898;10.7606;0;0;0;0;-35.3061;613.412;803.616;-0.276274;-8.21;21.9887;20.378
26.04.2024 09:48:02;-0.286467;0.36317;0.074872;-0.206793;0.798364;0.03296;0.860113;0.0628681;0;51.0865;51.6188;8.89846;11.145;52.2924;51.2557;20.81;20.01;52.4382;52.4176;22.916;22.48;22.66;22.4286;30.0319;28.9266;48.76;49.3547;15.4983;17.1125;24.03;22.27;21.57;22.5488;31.4789;21.9573;23.08;21.9509;14.8763;10.8618;12.9147;10.8065;0;0;0;0;-35.2934;614.293;804.549;-0.276283;-9.473;21.99;20.38
26.04.2024 09:48:32;-0.391451;0.444655;0.140182;-0.240811;0.963164;0.00610373;0.764998;0.255135;0;51.0212;51.5479;8.92817;11.1961;52.2962;50.816;20.81;20.017;52.4146;52.3825;22.92;22.48;22.66;22.43;30.0436;29.0015;48.7602;49.3757;15.5353;17.1551;24.0207;22.2712;21.5706;22.55;31.5262;21.9638;23.08;22.0027;14.9148;10.8753;12.9395;10.779;0;0;0;0;-35.3043;615.185;805.652;-0.276271;-8.47182;21.9905;20.3836
26.04.2024 09:49:02;-0.495214;0.294503;0.0683615;-0.260954;0.748924;-0.466323;0.556963;-0.0744651;0;50.9579;51.479;8.9567;11.2492;52.2802;50.1418;20.8105;20.02;52.4051;52.3516;22.92;22.4824;22.6677;22.43;30.0708;29.0358;48.7765;49.3841;15.5704;17.1988;24.0176;22.2789;21.5779;22.55;31.4684;21.9722;23.08;22.0581;14.9558;10.892;12.9654;10.8626;0;0;0;0;-35.2936;616.518;807.308;-0.276174;-6.11678;21.997;20.39
26.04.2024 09:49:32;-0.447198;0.360729;0.0885036;-0.255582;0.85757;-0.122074;0.774661;0.0878933;0;50.8974;51.4117;8.98797;11.3033;52.219;49.0959;20.8105;20.02;52.3343;52.3131;22.921;22.4895;22.67;22.43;30.1198;29.0935;48.7969;49.3876;15.6071;17.2406;24.01;22.28;21.58;22.55;31.318;21.9779;23.0828;22.1182;14.9953;10.9098;12.9915;10.9662;0;0;0;0;-35.2897;617.589;808.249;-0.276205;-8.38318;22;20.3967
26.04.2024 09:50:02;-0.333262;0.415967;0.115157;-0.269906;0.787988;0.139164;0.807215;0.216071;0;50.8379;51.3453;9.01707;11.3609;52.1485;48.3895;20.8127;20.02;52.284;52.2464;22.9299;22.49;22.67;22.4351;30.1577;29.1774;48.8544;49.3793;15.6425;17.2815;24.0051;22.28;21.58;22.5511;31.3911;21.98;23.0879;22.1794;15.035;10.9286;13.0202;11.0361;0;0;0;0;-35.2955;619.352;810.279;-0.276204;-8.77969;22;20.4
26.04.2024 09:50:32;-0.388196;0.394604;0.104577;-0.187546;0.975982;0.185552;0.731427;-0.0122074;0;50.7811;51.28;9.0478;11.424;52.1204;47.5802;20.8171;20.02;52.3226;52.2418;22.93;22.49;22.6705;22.44;30.181;29.2606;48.8978;49.3646;15.6785;17.3248;24;22.28;21.58;22.5585;31.6392;21.9824;23.0879;22.2427;15.0769;10.9458;13.049;11.1341;0;0;0;0;-35.3029;621.115;812.609;-0.276197;-8.18953;22.0052;20.4034
26.04.2024 09:51:02;-0.3414;0.38667;0.108239;-0.165166;0.901516;0.00366212;0.789921;0.0585955;0;50.7236;51.215;9.07987;11.4833;52.1141;46.8383;20.82;20.0221;52.3627;52.2985;22.93;22.492;22.6775;22.44;30.2145;29.3324;48.9184;49.3548;15.7143;17.3651;23.992;22.2874;21.58;22.56;31.4316;21.9889;23.0889;22.3067;15.1182;10.9651;13.0751;11.2086;0;0;0;0;-35.2954;622.206;813.832;-0.276069;-8.6239;22.01;20.41
26.04.2024 09:51:32;-0.428073;0.334788;0.0685649;-0.38494;0.805078;-0.358898;0.716167;0.087283;0;50.6668;51.1521;9.11493;11.5457;52.1036;46.3826;20.82;20.0272;52.2677;52.267;22.9333;22.4989;22.68;22.44;30.2463;29.3864;48.9177;49.3475;15.7495;17.4101;23.99;22.2899;21.5821;22.56;31.1286;21.9981;23.0881;22.3687;15.1611;10.985;13.1054;11.2708;0;0;0;0;-35.299;623.575;815.534;-0.276178;-7.55993;22.01;20.4101
26.04.2024 09:52:02;-0.287281;0.407422;0.126754;-0.151738;0.865505;0.11475;0.899279;0.122684;0;50.6145;51.0899;9.14626;11.6051;52.0897;45.9357;20.82;20.0295;52.1887;52.181;22.9395;22.5;22.68;22.4416;30.2864;29.4274;48.9036;49.3333;15.7871;17.4525;23.98;22.29;21.5882;22.56;31.0736;22.0091;23.0874;22.4262;15.2032;11.008;13.1307;11.3769;0;0;0;0;-35.2833;625.193;818.331;-0.276165;-9.42134;22.0103;20.42
26.04.2024 09:52:32;-0.365001;0.352794;0.0760928;-0.20366;0.898465;0.0573748;0.67802;0.072634;0;50.5649;51.0299;9.18054;11.6556;52.0487;45.5035;20.82;20.03;52.1151;52.1081;22.94;22.5;22.6805;22.45;30.3357;29.4257;48.9042;49.3343;15.8217;17.4972;23.9785;22.29;21.59;22.5616;31.108;22.019;23.0811;22.4821;15.2479;11.0316;13.1582;11.478;0;0;0;0;-35.2973;625.777;819.401;-0.276146;-7.15961;22.0195;20.42
26.04.2024 09:53:02;-0.427259;0.415357;0.10478;-0.252002;0.833155;-0.123295;0.710573;0.113529;0;50.5158;50.9729;9.2112;11.7099;51.9908;45.1121;20.82;20.03;52.0821;52.0557;22.94;22.5011;22.6862;22.45;30.3675;29.463;48.9075;49.3214;15.8566;17.5416;23.97;22.29;21.59;22.5676;31.1848;22.0357;23.0805;22.5308;15.2892;11.0525;13.1837;11.4248;0;0;0;0;-35.2874;626.135;819.075;-0.276031;-7.52089;22.02;20.4257
26.04.2024 09:53:32;-0.42319;0.39491;0.0838242;-0.255135;0.80813;-0.108646;0.774153;-0.0122074;0;50.4663;50.9129;9.2406;11.7628;51.9101;44.4487;20.82;20.03;52.1081;52.0679;22.944;22.508;22.69;22.45;30.3979;29.5063;48.8939;49.3146;15.896;17.5902;23.9627;22.29;21.5901;22.57;31.3589;22.0525;23.0801;22.5788;15.3359;11.0738;13.2118;11.429;0;0;0;0;-35.3007;626.509;819.238;-0.276055;-8.34279;22.0238;20.43
26.04.2024 09:54:02;-0.326345;0.365917;0.10946;-0.180385;0.826441;-0.269784;0.757368;0.0427259;0;50.4135;50.855;9.2713;11.8186;51.8513;44.1171;20.82;20.03;52.1629;52.1202;22.95;22.51;22.69;22.4577;30.4336;29.5701;48.8946;49.31;15.9335;17.6377;23.9586;22.29;21.5968;22.57;31.133;22.0666;23.08;22.6243;15.3797;11.0935;13.2365;11.4877;0;0;0;0;-35.2918;627.9;820.573;-0.276092;-7.94305;22.03;20.4324
26.04.2024 09:54:32;-0.415052;0.368053;0.113325;-0.238126;0.927763;-0.252693;0.764997;0.156865;0;50.3634;50.7971;9.30333;11.872;51.8053;43.7536;20.82;20.03;52.1415;52.1351;22.95;22.51;22.6905;22.46;30.451;29.6249;48.8724;49.308;15.9732;17.6869;23.9505;22.2916;21.6;22.57;31.1741;22.0721;23.08;22.6705;15.4263;11.1142;13.2615;11.5877;0;0;0;0;-35.2912;629.248;822.573;-0.27604;-8.06476;22.03;20.44
26.04.2024 09:55:02;-0.457371;0.348827;0.0824;-0.358531;0.683004;-0.124516;0.628172;-0.0469985;0;50.3173;50.7407;9.33247;11.9271;51.7625;43.3517;20.8221;20.03;52.0706;52.0747;22.95;22.5108;22.6949;22.46;30.4708;29.6931;48.87;49.296;16.0119;17.7355;23.9482;22.2959;21.6;22.5705;31.003;22.0711;23.08;22.7217;15.4703;11.1314;13.2904;11.604;0;0;0;0;-35.2955;631.571;825.982;-0.275991;-6.50013;22.03;20.44
26.04.2024 09:55:32;-0.408541;0.421155;0.0899279;-0.184861;0.878933;0.0732444;0.782291;0.104984;0;50.2769;50.6898;9.36423;11.9804;51.6832;43.1322;20.8229;20.0331;52.0135;52.0362;22.9579;22.5168;22.7;22.46;30.4911;29.7289;48.8894;49.2871;16.0511;17.7847;23.94;22.2974;21.6;22.5756;31.0042;22.0679;23.08;22.7753;15.5156;11.1497;13.3186;11.5012;0;0;0;0;-35.2862;635.331;831.672;-0.275964;-8.06978;22.0357;20.447
26.04.2024 09:56:02;-0.304371;0.392468;0.091759;-0.217088;0.932035;0.093997;0.809758;0.14893;0;50.2367;50.6364;9.3921;12.0236;51.4715;42.8855;20.8235;20.0352;51.8929;51.9483;22.96;22.52;22.7;22.4611;30.5258;29.761;48.9042;49.2816;16.0924;17.8338;23.9367;22.2994;21.6;22.58;31.1249;22.0647;23.08;22.8309;15.5597;11.1664;13.3447;11.3587;0;0;0;0;-35.2905;637.635;834.082;-0.275977;-8.47583;22.04;20.45
26.04.2024 09:56:32;-0.459812;0.335704;0.0832138;-0.354503;0.809351;-0.302744;0.664795;0.00366221;0;50.1966;50.5858;9.41726;12.0678;51.2238;42.6399;20.8211;20.0374;51.7762;51.8473;22.96;22.52;22.7047;22.4669;30.5562;29.8386;48.8955;49.28;16.1311;17.8829;23.93;22.2989;21.601;22.58;31.1018;22.0611;23.08;22.8858;15.6055;11.1842;13.3694;11.3401;0;0;0;0;-35.2991;638.746;835.188;-0.275966;-6.94489;22.04;20.4516
26.04.2024 09:57:02;-0.3414;0.381176;0.09888;-0.125777;0.871609;-0.00122077;0.847397;-0.0128178;0;50.154;50.5325;9.43947;12.1106;50.9082;42.445;20.8205;20.0359;51.5624;51.6959;22.9629;22.52;22.71;22.47;30.5716;29.9125;48.89;49.2721;16.1682;17.9298;23.9247;22.3;21.6076;22.58;31.0804;22.06;23.08;22.9302;15.6486;11.2009;13.3898;11.2558;0;0;0;0;-35.2946;640.289;836.849;-0.276047;-8.83773;22.04;20.46
26.04.2024 09:57:32;-0.441501;0.373241;0.0760928;-0.226936;0.80691;-0.158696;0.721254;0.109867;0;50.108;50.478;9.46603;12.1588;50.4935;42.0648;20.82;20.0383;51.3518;51.4894;22.97;22.5225;22.71;22.47;30.5705;29.9545;48.89;49.2627;16.2063;17.9728;23.92;22.3;21.61;22.5805;30.9487;22.0589;23.08;22.968;15.6927;11.2167;13.4065;11.2849;0;0;0;0;-35.2786;641.734;838.536;-0.275884;-7.41595;22.0481;20.46
26.04.2024 09:58:02;-0.396334;0.386059;0.0919624;-0.302133;0.911893;0.0720236;0.746686;0.0170904;0;50.0532;50.4167;9.49564;12.2081;49.9369;41.7721;20.8205;20.0366;51.0662;51.2657;22.97;22.5284;22.71;22.47;30.5832;29.9662;48.9065;49.26;16.2452;18.0139;23.9132;22.3;21.61;22.5826;30.8709;22.0582;23.08;22.9989;15.7355;11.2333;13.4248;11.3179;0;0;0;0;-35.2892;643.737;840.332;-0.275911;-7.60737;22.05;20.4668
26.04.2024 09:58:32;-0.40732;0.417493;0.108442;-0.159795;0.867336;0.0317392;0.747704;0.00427259;0;49.9881;50.35;9.52587;12.2592;49.4061;41.4422;20.82;20.0363;50.7156;50.9789;22.97;22.53;22.7124;22.4705;30.6072;30.0276;48.9264;49.2508;16.2795;18.0537;23.91;22.3;21.61;22.59;30.8905;22.0586;23.08;23.0234;15.7778;11.2484;13.4389;11.1325;0;0;0;0;-35.2835;645.119;842.071;-0.275882;-7.6319;22.05;20.47
26.04.2024 09:59:02;-0.425632;0.340892;0.0919624;-0.222907;0.842311;-0.225837;0.802637;0.0933867;0;49.911;50.2768;9.55813;12.3096;48.9269;41.1406;20.82;20.0381;50.3609;50.6442;22.9714;22.53;22.7189;22.4754;30.6405;30.0907;48.9302;49.2366;16.3143;18.0892;23.9043;22.3;21.61;22.59;30.9629;22.0605;23.08;23.0509;15.8181;11.2649;13.4557;11.0486;0;0;0;0;-35.2954;645.971;843.01;-0.27591;-8.27009;22.0522;20.4766
26.04.2024 09:59:32;-0.39552;0.344249;0.0927763;-0.307505;0.844142;-0.201422;0.797042;0.06592;0;49.8218;50.1964;9.5894;12.3601;48.4548;40.9343;20.82;20.0384;49.9273;50.2544;22.98;22.5348;22.72;22.48;30.6729;30.1449;48.9284;49.2252;16.3462;18.1254;23.9;22.2995;21.6116;22.59;31.0231;22.0647;23.08;23.0734;15.8583;11.284;13.475;10.888;0;0;0;0;-35.2962;646.709;843.583;-0.275831;-8.25851;22.0589;20.48
26.04.2024 10:00:02;-0.31902;0.417188;0.118615;-0.148605;0.93936;-0.0244148;0.830612;0.0598163;0;49.7199;50.1089;9.61743;12.409;48.0068;40.593;20.82;20.039;49.4829;49.8664;22.98;22.54;22.72;22.48;30.69;30.2092;48.9161;49.2257;16.376;18.1547;23.8918;22.3;21.6167;22.59;30.9151;22.0555;23.08;23.0944;15.8975;11.3028;13.4928;10.8594;0;0;0;0;-35.2873;646.668;843.372;-0.275947;-8.51144;22.06;20.4802
26.04.2024 10:00:32;-0.461847;0.323496;0.0705995;-0.255582;0.660421;-0.177007;0.657674;-0.0317393;0;49.6072;50.0143;9.64653;12.4589;47.6432;40.3274;20.82;20.0384;49.0255;49.4163;22.98;22.54;22.7206;22.48;30.6995;30.2663;48.9067;49.23;16.4016;18.1818;23.89;22.2995;21.62;22.5905;30.8996;22.0534;23.08;23.11;15.9344;11.32;13.5066;10.916;0;0;0;0;-35.2848;646.795;843.862;-0.275893;-6.73316;22.06;20.4884
26.04.2024 10:01:02;-0.185146;0.409558;0.111087;-0.1589;0.99002;0.163579;0.908943;0.191656;0;49.485;49.9162;9.67407;12.5051;47.3284;40.1393;20.82;20.0357;48.5793;48.9786;22.98;22.54;22.7263;22.48;30.7352;30.3147;48.9;49.2266;16.4282;18.2093;23.8824;22.2984;21.62;22.5943;31.088;22.0595;23.08;23.1209;15.9691;11.3362;13.5186;11.052;0;0;0;0;-35.2739;647.378;844.309;-0.275809;-9.49829;22.063;20.49
26.04.2024 10:01:32;-0.342214;0.290841;0.0683615;-0.236783;0.847804;-0.271005;0.742108;-0.0866725;0;49.3534;49.8093;9.69897;12.5511;46.9794;39.8586;20.82;20.0379;48.2054;48.5628;22.9858;22.54;22.73;22.4856;30.7719;30.2997;48.9057;49.2205;16.4518;18.2351;23.8767;22.3;21.62;22.6;30.8281;22.0584;23.0795;23.1295;16.004;11.3518;13.5297;11.1717;0;0;0;0;-35.2874;649.199;846.823;-0.275868;-7.54366;22.07;20.4921
26.04.2024 10:02:02;-0.426852;0.307627;0.0746686;-0.197841;0.805078;-0.301523;0.710573;0.122074;0;49.2149;49.6985;9.72283;12.5901;46.6561;39.5359;20.8216;20.04;47.8445;48.1821;22.99;22.5449;22.73;22.49;30.7934;30.3275;48.9111;49.2173;16.4741;18.2612;23.87;22.3;21.62;22.6;30.9626;22.0531;23.08;23.13;16.0397;11.3661;13.54;11.2645;0;0;0;0;-35.2808;649.856;847.393;-0.275865;-7.32865;22.07;20.5
26.04.2024 10:02:32;-0.403658;0.386975;0.120853;-0.281543;0.813624;-0.0231941;0.757368;0.120243;0;49.0707;49.5837;9.749;12.636;46.3919;39.4296;20.827;20.04;47.4707;47.8114;22.99;22.5495;22.73;22.49;30.8213;30.3843;48.91;49.21;16.4989;18.2905;23.8657;22.3;21.62;22.6;30.943;22.0432;23.08;23.13;16.0747;11.3784;13.55;11.3163;0;0;0;0;-35.2809;651.006;848.193;-0.27581;-7.79534;22.07;20.5
26.04.2024 10:03:02;-0.45086;0.37843;0.0712098;-0.325856;0.784325;-0.0732444;0.716676;-0.093997;0;48.9248;49.4632;9.77693;12.6797;46.0996;39.1422;20.8295;20.04;47.1245;47.4459;22.99;22.55;22.7334;22.49;30.8391;30.4288;48.91;49.21;16.5204;18.3187;23.86;22.3;21.6259;22.6;30.7299;22.0357;23.0783;23.13;16.1086;11.3939;13.5619;11.3267;0;0;0;0;-35.2791;652.104;849.18;-0.275819;-7.21793;22.0705;20.5046
26.04.2024 10:03:32;-0.27548;0.450758;0.151779;-0.0599791;1.14322;0.300302;0.86876;0.282601;0;48.7745;49.3239;9.80493;12.7243;45.8391;38.8732;20.83;20.04;46.8383;47.1331;22.9906;22.55;22.7395;22.49;30.8505;30.4736;48.91;49.21;16.5408;18.3443;23.8563;22.3;21.6295;22.6005;30.6833;22.0357;23.079;23.13;16.1459;11.4064;13.5725;11.2748;0;0;0;0;-35.2866;653.96;851.075;-0.275818;-8.70072;22.079;20.51
26.04.2024 10:04:02;-0.27955;0.336619;0.0939971;-0.11593;0.89175;-0.093997;0.801111;0.0897244;0;48.6204;49.1361;9.83516;12.7716;45.5696;38.6398;20.83;20.0402;46.5636;46.8296;22.9959;22.55;22.74;22.4921;30.8545;30.5222;48.9111;49.2045;16.5601;18.3714;23.85;22.3;21.63;22.607;30.8207;22.04;23.0758;23.13;16.1794;11.418;13.5829;11.3465;0;0;0;0;-35.2738;655.228;852.733;-0.275705;-8.13561;22.08;20.51
26.04.2024 10:04:32;-0.468357;0.320749;0.0579851;-0.294076;0.751976;-0.251473;0.666321;-0.184332;0;48.4644;48.93;9.86987;12.822;45.3117;38.5003;20.83;20.0429;46.2389;46.5246;23;22.5505;22.74;22.4994;30.8664;30.5464;48.9198;49.1946;16.5805;18.3994;23.8475;22.3;21.63;22.6095;30.6097;22.0432;23.0732;23.13;16.2131;11.4321;13.5934;11.0543;0;0;0;0;-35.2839;655.358;853.504;-0.275797;-6.61044;22.08;20.5155
26.04.2024 10:05:02;-0.306813;0.423902;0.124922;-0.196051;0.962554;0.0817896;0.810775;0.126347;0;48.3073;48.7159;9.90337;12.8694;45.0141;38.2182;20.83;20.0458;45.9696;46.233;23;22.5592;22.7405;22.5;30.8545;30.5866;48.92;49.1809;16.6004;18.4279;23.84;22.3031;21.63;22.61;30.6965;22.0486;23.0729;23.13;16.2485;11.4462;13.6038;10.8892;0;0;0;0;-35.2893;655.883;854.118;-0.275831;-8.10787;22.0809;20.52
26.04.2024 10:05:32;-0.471206;0.339976;0.0347911;-0.32138;0.670186;-0.297861;0.653096;-0.0207526;0;48.1487;48.4993;9.93786;12.9199;44.6928;38.0387;20.83;20.0491;45.6896;45.9677;23;22.56;22.7458;22.5;30.8435;30.6107;48.92;49.1711;16.6176;18.455;23.8381;22.3079;21.6303;22.61;30.5491;22.0547;23.0708;23.13;16.2835;11.4581;13.6148;10.9314;0;0;0;0;-35.2764;658.307;856.477;-0.27569;-6.42249;22.0858;20.5205
26.04.2024 10:06:02;-0.61566;0.353404;0.0826034;-0.479833;0.719016;-0.273446;0.550859;-0.0500504;0;47.9895;48.2816;9.9737;12.969;44.4183;37.8587;20.83;20.0495;45.408;45.6948;23.0011;22.56;22.7495;22.5;30.8487;30.6558;48.926;49.1696;16.635;18.4827;23.83;22.31;21.6342;22.61;30.4162;22.0599;23.0753;23.13;16.3164;11.4724;13.6258;11.0289;0;0;0;0;-35.2829;660.651;859.373;-0.275511;-5.3242;22.09;20.5285
26.04.2024 10:06:32;-0.394706;0.320139;0.0429294;-0.236783;0.705588;-0.213629;0.696331;-0.0555437;0;47.8276;48.0666;10.008;13.0257;44.1472;37.5511;20.83;20.05;45.0982;45.3979;23.0086;22.56;22.75;22.5001;30.8723;30.7088;48.93;49.1611;16.6515;18.5099;23.8289;22.31;21.6395;22.6105;30.5099;22.0672;23.071;23.13;16.3489;11.4834;13.6374;11.0515;0;0;0;0;-35.2788;661.667;860.001;-0.275778;-6.80173;22.09;20.53
26.04.2024 10:07:02;-0.235196;0.435499;0.160527;-0.124882;1.00101;0.239265;0.842311;0.348521;0;47.6611;47.8521;10.0451;13.0844;43.8759;37.3494;20.83;20.05;44.8046;45.0901;23.01;22.5611;22.75;22.5063;30.9039;30.7559;48.93;49.1572;16.6698;18.5355;23.8203;22.31;21.64;22.6166;30.7139;22.0708;23.0711;23.1328;16.3803;11.4949;13.6508;11.1351;0;0;0;0;-35.2812;662.59;860.239;-0.275709;-8.44488;22.09;20.5315
26.04.2024 10:07:32;-0.479344;0.341197;0.047202;-0.377331;0.722068;-0.394299;0.734987;-0.0927763;0;47.4815;47.634;10.0813;13.1396;43.5755;37.2952;20.83;20.05;44.5545;44.8164;23.01;22.5676;22.7524;22.51;30.9284;30.8026;48.93;49.1581;16.6876;18.5669;23.8199;22.31;21.64;22.62;30.4224;22.0779;23.0705;23.1416;16.4115;11.5043;13.664;11.225;0;0;0;0;-35.284;664.31;861.745;-0.275717;-7.09853;22.0917;20.54
26.04.2024 10:08:02;-0.29135;0.396741;0.113122;-0.125777;0.886258;0.0585955;0.816879;0.0195318;0;47.3028;47.4163;10.1155;13.1961;43.2943;37.0938;20.83;20.0494;44.3407;44.584;23.01;22.57;22.759;22.51;30.93;30.8367;48.9372;49.16;16.7058;18.5977;23.8121;22.31;21.64;22.62;30.5186;22.0789;23.07;23.1553;16.4414;11.5126;13.6785;11.3373;0;0;0;0;-35.2826;665.076;862.79;-0.275738;-8.00615;22.1;20.54
26.04.2024 10:08:32;-0.404879;0.394299;0.0984731;-0.169195;0.927763;0.0183111;0.729392;0.222785;0;47.1242;47.1997;10.1504;13.2582;43.0062;36.7984;20.8305;20.05;43.9977;44.3006;23.0106;22.57;22.76;22.51;30.9352;30.8435;48.94;49.1584;16.7257;18.6319;23.81;22.31;21.64;22.62;30.5283;22.0806;23.07;23.1783;16.4717;11.5231;13.696;11.4475;0;0;0;0;-35.2943;666.886;864.724;-0.275713;-7.10976;22.1;20.5434
26.04.2024 10:09:02;-0.455743;0.244453;0.0382499;-0.424329;0.696432;-0.3296;0.698365;-0.13123;0;46.9363;46.9846;10.1874;13.319;42.7135;36.7977;20.83;20.05;43.6788;43.9623;23.0176;22.57;22.76;22.51;30.9391;30.8821;48.94;49.1498;16.7471;18.6701;23.8026;22.3128;21.642;22.6231;30.6205;22.0873;23.07;23.2117;16.5052;11.532;13.7119;11.5802;0;0;0;0;-35.2982;668.48;866.818;-0.275662;-6.892;22.1;20.55
26.04.2024 10:09:32;-0.27955;0.390637;0.105798;-0.200975;0.875881;-0.368664;0.833155;0.0567644;0;46.7441;46.7701;10.2237;13.3784;42.4397;36.6617;20.83;20.05;43.3966;43.703;23.02;22.57;22.76;22.5121;30.9228;30.923;48.9368;49.14;16.7712;18.7103;23.799;22.3169;21.649;22.6289;30.3465;22.0909;23.07;23.2509;16.535;11.5409;13.7307;11.7118;0;0;0;0;-35.2777;670.019;869.645;-0.27568;-7.95528;22.1004;20.55
26.04.2024 10:10:02;-0.413424;0.366527;0.0779239;-0.176356;0.798364;-0.281991;0.714642;0.0976592;0;46.5468;46.557;10.2605;13.4335;42.1771;36.3309;20.83;20.05;43.0831;43.3895;23.02;22.573;22.7621;22.5186;30.92;30.9591;48.9321;49.14;16.7972;18.7522;23.7905;22.3184;21.65;22.63;30.4021;22.0912;23.0695;23.2941;16.5659;11.5503;13.7511;11.7329;0;0;0;0;-35.2806;671.425;870.811;-0.27569;-6.87478;22.1063;20.5554
26.04.2024 10:10:32;-0.393078;0.381176;0.0821965;-0.312876;0.815454;-0.257576;0.721763;-0.0592059;0;46.3458;46.3428;10.2932;13.4861;41.8974;36.0871;20.83;20.05;42.7664;43.0628;23.02;22.58;22.7679;22.52;30.9386;31.0112;48.9325;49.1304;16.8222;18.795;23.79;22.3195;21.65;22.63;30.5099;22.0866;23.0645;23.3388;16.5994;11.56;13.7688;11.8184;0;0;0;0;-35.2825;670.918;869.756;-0.27568;-7.0553;22.11;20.56
26.04.2024 10:11:02;-0.27955;0.421461;0.0913521;-0.248421;0.899685;0.0903348;0.866217;0.0585955;0;46.138;46.1263;10.325;13.5394;41.5653;35.879;20.83;20.05;42.496;42.7621;23.0209;22.58;22.77;22.52;30.96;31.0635;48.94;49.1252;16.853;18.8411;23.7812;22.3195;21.65;22.63;30.3441;22.0779;23.0611;23.3855;16.6328;11.5708;13.7876;11.8621;0;0;0;0;-35.2823;671.49;870.28;-0.275593;-8.28483;22.11;20.5637
26.04.2024 10:11:32;-0.391451;0.336619;0.100508;-0.150395;0.748314;0.0622577;0.772627;0.113529;0;45.9319;45.9054;10.3602;13.596;41.2925;35.6862;20.83;20.05;42.2446;42.5296;23.0295;22.58;22.77;22.52;30.9526;31.1143;48.94;49.1248;16.8855;18.8854;23.78;22.3195;21.65;22.63;30.2948;22.0731;23.06;23.4309;16.6663;11.5848;13.8075;11.7931;0;0;0;0;-35.2744;672.773;871.819;-0.275587;-7.33725;22.1123;20.57
26.04.2024 10:12:02;-0.485855;0.371105;0.0832138;-0.247078;0.800806;-0.178228;0.668355;0.0561541;0;45.7209;45.6878;10.3937;13.6491;41.0578;35.5136;20.83;20.05;41.9536;42.2393;23.03;22.58;22.77;22.521;30.9577;31.1599;48.9395;49.12;16.9158;18.9279;23.7734;22.32;21.65;22.63;30.3808;22.0716;23.06;23.4759;16.7017;11.5969;13.8263;11.8729;0;0;0;0;-35.2805;674.569;874.028;-0.275572;-6.41941;22.12;20.57
26.04.2024 10:12:32;-0.27955;0.363781;0.06592;-0.271696;0.860011;-0.189215;0.828577;-0.0903348;0;45.5118;45.4705;10.4276;13.7043;40.8341;35.2636;20.8318;20.05;41.6482;41.9331;23.03;22.5816;22.7756;22.5256;30.9477;31.2038;48.9395;49.1195;16.9499;18.9648;23.77;22.32;21.6542;22.6358;30.4405;22.0753;23.06;23.5146;16.7354;11.6094;13.8455;11.8707;0;0;0;0;-35.2723;677.53;877.3;-0.275602;-8.01907;22.12;20.574
26.04.2024 10:13:02;-0.286467;0.427259;0.0990834;-0.150843;0.949126;0.130619;0.858079;0.281991;0;45.3025;45.2477;10.4641;13.7603;40.6039;35.1637;20.8395;20.05;41.4117;41.6545;23.03;22.5867;22.7795;22.53;30.933;31.249;48.94;49.12;16.9781;19.0021;23.7672;22.32;21.6584;22.64;30.3334;22.0762;23.06;23.5455;16.7722;11.622;13.8614;11.7816;0;0;0;0;-35.2859;679.738;880.636;-0.275633;-8.19413;22.12;20.5795
26.04.2024 10:13:32;-0.443943;0.341807;0.115157;-0.216193;0.747093;-0.00366216;0.690736;-0.0177007;0;45.0931;45.0239;10.4993;13.812;40.3402;34.9007;20.84;20.0557;41.1504;41.4296;23.0321;22.5895;22.78;22.53;30.93;31.2844;48.94;49.1216;17.0073;19.0344;23.76;22.32;21.66;22.64;30.289;22.0768;23.06;23.5718;16.8061;11.6346;13.8753;11.6423;0;0;0;0;-35.2776;680.904;882.319;-0.275599;-6.55841;22.12;20.58
26.04.2024 10:14:02;-0.385347;0.317087;0.0734479;-0.263192;0.866726;0.0134282;0.762454;-0.00366223;0;44.8849;44.8019;10.5361;13.8694;40.0925;34.7076;20.84;20.06;40.8885;41.1596;23.0379;22.59;22.78;22.53;30.9311;31.3017;48.94;49.1205;17.0361;19.0647;23.76;22.32;21.66;22.64;30.3479;22.0717;23.06;23.5879;16.8416;11.6455;13.8869;11.3676;0;0;0;0;-35.2801;682.909;884.946;-0.27561;-7.29931;22.1262;20.5849
26.04.2024 10:14:32;-0.382092;0.344249;0.0984731;-0.254687;0.871609;-0.18067;0.797042;0.11536;0;44.6785;44.5809;10.5721;13.9271;39.8121;34.5739;20.84;20.06;40.633;40.9175;23.04;22.59;22.78;22.5337;30.9332;31.3248;48.94;49.1105;17.0627;19.0956;23.7516;22.32;21.66;22.64;30.2179;22.0637;23.06;23.6;16.8772;11.6599;13.8979;11.4945;0;0;0;0;-35.2916;683.869;885.682;-0.275485;-7.51995;22.13;20.59
26.04.2024 10:15:02;-0.416679;0.366832;0.0638854;-0.187994;0.714743;-0.238044;0.793481;0.0372326;0;44.4705;44.3612;10.6085;13.9867;39.5005;34.3994;20.84;20.06;40.386;40.6566;23.04;22.59;22.7863;22.5389;30.9415;31.3468;48.94;49.1012;17.0892;19.1222;23.75;22.3216;21.66;22.64;30.0717;22.0637;23.06;23.6075;16.9106;11.6733;13.9092;11.4047;0;0;0;0;-35.264;684.484;886.787;-0.275532;-7.348;22.13;20.59
26.04.2024 10:15:32;-0.398775;0.434278;0.0760928;-0.257373;0.864895;0.0427259;0.738548;0.0427259;0;44.2669;44.1436;10.6475;14.0464;39.2279;34.1516;20.84;20.06;40.1054;40.3797;23.04;22.5925;22.79;22.54;30.9495;31.3584;48.9431;49.0995;17.1155;19.1512;23.747;22.3281;21.66;22.6459;30.0245;22.0699;23.06;23.61;16.9452;11.6902;13.9224;11.2456;0;0;0;0;-35.2882;684.854;888.336;-0.275558;-6.80148;22.13;20.5948
26.04.2024 10:16:02;-0.487889;0.317087;0.0683615;-0.282439;0.827662;-0.125736;0.631224;0.0384533;0;44.0636;43.9236;10.6841;14.1044;38.9872;33.9307;20.84;20.06;39.8531;40.1075;23.0475;22.5995;22.79;22.54;30.965;31.4043;48.953;49.0919;17.141;19.1787;23.74;22.33;21.6665;22.6495;30.0536;22.0763;23.06;23.6105;16.98;11.7037;13.9355;11.2375;0;0;0;0;-35.2911;686.223;889.23;-0.275493;-5.83625;22.1311;20.6
26.04.2024 10:16:32;-0.322682;0.380871;0.0876898;-0.125329;0.936918;-0.0524918;0.810775;0.158086;0;43.8616;43.7016;10.7219;14.1617;38.7351;33.7443;20.84;20.06;39.5734;39.8405;23.05;22.6;22.793;22.54;30.9888;31.4343;48.96;49.09;17.162;19.2009;23.74;22.33;21.67;22.65;30.0601;22.081;23.06;23.6105;17.0116;11.7163;13.9428;11.2152;0;0;0;0;-35.2786;688.455;891.373;-0.275433;-7.49006;22.1375;20.6
26.04.2024 10:17:02;-0.40081;0.363781;0.0964385;-0.20187;0.785546;-0.106204;0.762963;-0.0836207;0;43.6564;43.4791;10.7582;14.2148;38.5239;33.5668;20.84;20.06;39.3455;39.5986;23.05;22.6;22.7984;22.54;30.9916;31.4696;48.9561;49.0852;17.1818;19.217;23.7339;22.33;21.67;22.65;29.942;22.0887;23.059;23.607;17.0446;11.7278;13.95;10.9691;0;0;0;0;-35.2793;690.028;893.386;-0.275485;-6.93263;22.14;20.6056
26.04.2024 10:17:32;-0.441908;0.414136;0.0791446;-0.21485;0.927152;-0.274667;0.765506;0.11597;0;43.4544;43.2547;10.7936;14.2698;38.3441;33.3874;20.84;20.06;39.0847;39.3541;23.05;22.6;22.8;22.5432;30.9746;31.5188;48.95;49.0843;17.198;19.2301;23.73;22.33;21.67;22.65;30.0755;22.0927;23.0594;23.5949;17.075;11.7391;13.9575;10.9415;0;0;0;0;-35.2795;690.185;893.99;-0.275509;-7.06709;22.14;20.61
26.04.2024 10:18:02;-0.468764;0.343944;0.0671407;-0.202317;0.782495;-0.106204;0.660217;-0.0604266;0;43.2526;43.0334;10.8299;14.3285;38.1238;33.2046;20.84;20.0621;38.8521;39.0961;23.0505;22.6;22.8;22.55;30.97;31.5463;48.95;49.0683;17.2145;19.24;23.7298;22.33;21.67;22.65;29.9205;22.0932;23.0573;23.5763;17.1026;11.7529;13.96;10.9866;0;0;0;0;-35.2738;691.472;895.107;-0.275457;-5.97261;22.14;20.61
26.04.2024 10:18:32;-0.314137;0.365917;0.0842311;-0.171433;0.872219;0.0585955;0.880459;0.0183111;0;43.0547;42.8116;10.8645;14.382;37.8387;33.0531;20.84;20.0626;38.6229;38.8679;23.0544;22.6068;22.8;22.55;30.9782;31.566;48.95;49.0522;17.227;19.2479;23.7205;22.33;21.67;22.6502;30.1862;22.0937;23.0545;23.5536;17.1335;11.7639;13.9679;11.0758;0;0;0;0;-35.2855;692.676;895.994;-0.275428;-8.23316;22.1404;20.6171
26.04.2024 10:19:02;-0.37314;0.34547;0.091759;-0.255135;0.806299;-0.0122076;0.802637;0.0378429;0;42.8568;42.5923;10.8967;14.43;37.5877;32.934;20.84;20.0647;38.4242;38.6726;23.06;22.61;22.8006;22.55;30.9782;31.6092;48.9567;49.04;17.237;19.2551;23.72;22.33;21.6711;22.6563;30.1575;22.0963;23.0511;23.5292;17.1597;11.7781;13.97;11.1125;0;0;0;0;-35.2824;693.595;896.995;-0.275476;-7.45053;22.1473;20.62
26.04.2024 10:19:32;-0.422376;0.37965;0.0585955;-0.169195;0.795923;-0.107425;0.791955;0.0732444;0;42.6606;42.3756;10.928;14.4756;37.3787;32.8287;20.84;20.0679;38.1897;38.4464;23.06;22.61;22.8074;22.55;30.9639;31.6508;48.96;49.04;17.2474;19.2624;23.7147;22.3305;21.6776;22.66;30.0603;22.0974;23.05;23.5062;17.1863;11.7912;13.9756;11.2344;0;0;0;0;-35.2954;693.962;897.194;-0.275409;-7.28822;22.15;20.62
26.04.2024 10:20:02;-0.35198;0.374157;0.0826035;-0.175461;0.900907;-0.264901;0.70396;-0.0793481;0;42.4711;42.1646;10.9555;14.5201;37.1991;32.5827;20.84;20.069;37.9335;38.1929;23.06;22.61;22.81;22.55;30.9533;31.6848;48.9577;49.04;17.2563;19.2723;23.71;22.3346;21.68;22.66;30.0829;22.1;23.05;23.4858;17.214;11.8037;13.98;11.3455;0;0;0;0;-35.2848;694.875;897.97;-0.275404;-6.49669;22.15;20.6264
26.04.2024 10:20:32;-0.433363;0.427564;0.0689718;-0.273486;0.787377;-0.0769068;0.835699;0.0274667;0;42.2822;41.9522;10.983;14.5681;36.9369;32.4018;20.8405;20.0695;37.6988;37.9289;23.06;22.61;22.81;22.5565;30.96;31.7054;48.9575;49.0405;17.2668;19.2849;23.7043;22.3384;21.68;22.66;29.9124;22.1;23.05;23.4691;17.2414;11.8163;13.9876;11.4;0;0;0;0;-35.2873;694.993;898.17;-0.275368;-7.56454;22.15;20.63
26.04.2024 10:21:02;-0.393078;0.379345;0.0762963;-0.162481;0.803857;-0.0561541;0.772118;0.120853;0;42.0922;41.7388;11.0143;14.6233;36.7147;32.2754;20.84;20.07;37.4688;37.7287;23.0618;22.6111;22.81;22.56;30.96;31.7295;48.96;49.0371;17.2794;19.3029;23.7;22.34;21.68;22.66;29.8764;22.108;23.05;23.4586;17.2688;11.8287;13.9928;11.2304;0;0;0;0;-35.2637;695.093;897.984;-0.275423;-6.95872;22.1505;20.63
26.04.2024 10:21:32;-0.449233;0.336619;0.0671407;-0.187994;0.878323;-0.184332;0.670899;-0.124516;0;41.9034;41.5252;11.0476;14.6753;36.5132;32.038;20.84;20.07;37.2386;37.5093;23.0668;22.6178;22.8108;22.56;30.9589;31.7667;48.962;49.03;17.2917;19.319;23.697;22.34;21.6816;22.6611;29.8289;22.1164;23.05;23.4505;17.296;11.8414;14.0011;11.1766;0;0;0;0;-35.2792;696.207;899.019;-0.27536;-5.98856;22.1544;20.6362
26.04.2024 10:22:02;-0.326752;0.352794;0.0722272;-0.231412;0.913113;-0.0488296;0.713116;0.0573748;0;41.7172;41.3157;11.0809;14.7287;36.2931;31.9816;20.84;20.07;36.9868;37.2774;23.07;22.62;22.8168;22.56;30.9637;31.8025;48.9617;49.0246;17.3066;19.3347;23.69;22.34;21.6858;22.6671;29.9975;22.1242;23.05;23.4505;17.3247;11.8545;14.01;11.2525;0;0;0;0;-35.2869;698.231;900.889;-0.275339;-6.47672;22.16;20.64
26.04.2024 10:22:32;-0.336924;0.38789;0.0789412;-0.212612;0.794091;-0.288095;0.831121;0.119022;0;41.5293;41.1058;11.1164;14.7842;36.0672;31.7764;20.84;20.07;36.7804;37.0134;23.07;22.62;22.82;22.56;30.97;31.8454;48.9687;49.0216;17.3214;19.3555;23.6897;22.34;21.6895;22.6695;29.9271;22.1314;23.05;23.4576;17.3509;11.8655;14.0193;11.3639;0;0;0;0;-35.2791;700.309;903.251;-0.275296;-7.48696;22.16;20.64
26.04.2024 10:23:02;-0.416679;0.411084;0.0520849;-0.20366;0.79104;-0.101321;0.739565;-0.0817897;0;41.3429;40.8966;11.1476;14.8352;35.8502;31.6714;20.8414;20.07;36.5963;36.8334;23.07;22.62;22.82;22.56;30.97;31.8821;48.9635;49.0205;17.3359;19.377;23.6816;22.34;21.69;22.67;29.9544;22.1395;23.05;23.467;17.377;11.8797;14.0319;11.4058;0;0;0;0;-35.2799;700.062;902.459;-0.275353;-6.69291;22.16;20.6439
26.04.2024 10:23:32;-0.457371;0.369884;0.0756859;-0.258268;0.820337;0.0378429;0.689718;0.00427263;0;41.1622;40.6906;11.1795;14.894;35.6101;31.5797;20.8495;20.07;36.357;36.6228;23.07;22.6248;22.82;22.5626;30.9628;31.8988;48.9568;49.0243;17.3532;19.4017;23.68;22.34;21.69;22.67;30.0444;22.1453;23.05;23.4791;17.4057;11.89;14.0429;11.4252;0;0;0;0;-35.2789;699.567;901.787;-0.275403;-6.30241;22.16;20.65
26.04.2024 10:24:02;-0.37436;0.354015;0.0691753;-0.204108;0.805079;-0.14771;0.746178;0.120243;0;40.9792;40.485;11.2143;14.9578;35.3981;31.4038;20.85;20.0732;36.1451;36.4308;23.07;22.629;22.82;22.5687;30.9646;31.9244;48.95;49.02;17.3705;19.4286;23.6772;22.34;21.69;22.67;29.927;22.1491;23.05;23.4953;17.4313;11.9005;14.0545;11.4659;0;0;0;0;-35.28;701.712;904.274;-0.275285;-6.71346;22.1619;20.6506
26.04.2024 10:24:32;-0.320648;0.3708;0.0750755;-0.174566;0.72512;-0.0585956;0.820439;-0.021363;0;40.7982;40.284;11.2507;15.0216;35.21;31.4283;20.85;20.0783;35.917;36.2046;23.0737;22.63;22.82;22.57;30.9644;31.9612;48.9505;49.02;17.3909;19.4552;23.67;22.34;21.69;22.67;29.831;22.1521;23.05;23.5152;17.4577;11.911;14.0665;11.3488;0;0;0;0;-35.2779;703.902;907.288;-0.275299;-7.28996;22.1679;20.6595
26.04.2024 10:25:02;-0.419121;0.427259;0.0714133;-0.27662;0.860012;-0.147709;0.730918;0.0311289;0;40.6208;40.0843;11.2885;15.0865;34.9921;31.6354;20.85;20.08;35.7164;35.9714;23.0791;22.63;22.8294;22.57;30.9595;31.9663;48.95;49.0136;17.4097;19.4776;23.67;22.3432;21.6912;22.6716;29.7021;22.1579;23.05;23.535;17.4856;11.9203;14.0775;11.152;0;0;0;0;-35.2793;705.435;909.498;-0.275313;-6.36206;22.17;20.66
26.04.2024 10:25:32;-0.441501;0.378124;0.0846379;-0.290496;0.839869;-0.0842311;0.652588;0.101321;0;40.4429;39.8812;11.3303;15.1553;34.8059;31.7991;20.85;20.08;35.5252;35.7705;23.08;22.63;22.83;22.57;30.9524;31.9948;48.95;49.01;17.4274;19.5001;23.6621;22.3489;21.6984;22.6771;29.7389;22.1605;23.05;23.5549;17.5128;11.93;14.0885;11.1014;0;0;0;0;-35.2761;706.674;911.455;-0.275264;-5.72625;22.17;20.661
26.04.2024 10:26:02;-0.369477;0.393384;0.0728375;-0.123539;0.834987;0.11475;0.764488;-0.00671407;0;40.2655;39.6803;11.3692;15.2204;34.6223;31.9137;20.85;20.08;35.3165;35.5785;23.08;22.63;22.83;22.57;30.9445;32.02;48.95;48.9997;17.446;19.521;23.66;22.35;21.7;22.68;29.801;22.164;23.0489;23.5726;17.5394;11.9387;14.0974;11.1468;0;0;0;0;-35.2746;708.555;913.267;-0.275335;-6.77203;22.17;20.6683
26.04.2024 10:26:32;-0.33489;0.336314;0.0901313;-0.240364;0.829493;-0.0439466;0.783817;-0.0354015;0;40.0911;39.4831;11.4114;15.2874;34.4513;32.0831;20.85;20.08;35.1369;35.3842;23.08;22.63;22.83;22.5705;30.94;32.03;48.9457;48.9817;17.4624;19.5382;23.658;22.35;21.7;22.68;29.6513;22.1689;23.0495;23.5844;17.5656;11.9476;14.1031;11.2403;0;0;0;0;-35.2798;710.167;914.164;-0.27532;-6.78397;22.17;20.67
26.04.2024 10:27:02;-0.393078;0.376293;0.061444;-0.285572;0.869778;-0.203864;0.784326;0.0994903;0;39.918;39.2891;11.452;15.3581;34.2552;32.2205;20.8527;20.08;34.9477;35.2029;23.0806;22.6326;22.8302;22.5735;30.9427;32.0365;48.9484;48.98;17.4812;19.5546;23.65;22.35;21.7;22.68;29.6194;22.1737;23.0445;23.5949;17.5913;11.9559;14.1114;11.3461;0;0;0;0;-35.2745;711.105;915.474;-0.275252;-6.76135;22.1737;20.6708
26.04.2024 10:27:32;-0.388602;0.392163;0.0860622;-0.146367;0.819116;-0.229499;0.753807;0.00488296;0;39.7473;39.0955;11.4939;15.4278;33.933;32.3135;20.8573;20.0812;34.691;34.9665;23.0832;22.6379;22.8384;22.5795;30.9462;32.0571;48.95;48.9751;17.5006;19.5727;23.6497;22.35;21.7;22.68;29.7843;22.178;23.04;23.6037;17.6178;11.969;14.1229;11.3879;0;0;0;0;-35.2787;713.262;917.865;-0.275219;-6.63226;22.1795;20.6784
26.04.2024 10:28:02;-0.332041;0.416272;0.0785343;-0.189337;0.802637;-0.0781273;0.758893;-0.00915556;0;39.5766;38.9028;11.5346;15.4919;33.8212;32.3894;20.8595;20.0853;34.4779;34.7268;23.0886;22.64;22.8395;22.58;30.94;32.0801;48.95;48.9774;17.5188;19.5938;23.6405;22.3503;21.7;22.68;29.7213;22.1821;23.04;23.6142;17.6421;11.9784;14.1311;11.505;0;0;0;0;-35.2755;713.838;918.083;-0.2752;-6.60741;22.1795;20.68
26.04.2024 10:28:32;-0.413424;0.354015;0.0789412;-0.271696;0.843532;-0.0207526;0.762454;0.103153;0;39.407;38.7119;11.5716;15.549;33.766;32.4757;20.86;20.09;34.2253;34.5076;23.09;22.64;22.84;22.58;30.94;32.111;48.95;48.9758;17.5398;19.6192;23.64;22.3534;21.7005;22.6816;29.747;22.1888;23.04;23.6277;17.67;11.991;14.1409;11.6193;0;0;0;0;-35.2773;713.759;917.869;-0.275251;-6.66346;22.18;20.68
