,a,b,c,d,e,f,g
0,66,0.36369318139072077,0.2646582133097945,189,36,0.6797911060471495,74
1,98,0.42894232241431884,0.38979404988446215,157,68,0.5801901289818538,119
2,75,0.24700666395467435,0.27901514481719963,180,45,0.7074323232595735,87
3,41,0.17302658176665403,0.22117915274816422,214,11,0.8302463080810774,39
4,37,0.1014543805802573,0.13266941789135256,218,7,0.8808821383072355,33
5,58,0.24282279209063784,0.22469259347105006,197,28,0.7194020511008936,63
6,81,0.31891807389243393,0.2821737419128367,174,51,0.7308976404090853,95
7,43,0.0,0.1994935976115283,212,13,0.9003482447897317,42
8,42,0.23837551774450932,0.13641568959228528,213,12,0.8610149199771808,40
9,100,0.3500398280394056,0.3898911437158461,155,70,0.6195790265288439,122
10,113,0.4216984703060533,0.41247083994824824,142,83,0.5142116267903252,140
11,68,0.16978347879507455,0.2610791450662253,187,38,0.6840002962770968,77
12,64,0.217763965260486,0.2784975017682586,191,34,0.6953798608644601,71
13,105,0.37164182608885293,0.42673438893672533,150,75,0.5970195643991406,129
14,111,0.5014858950883853,0.43679293185504753,144,81,0.6091894429864506,138
15,88,0.4089452637743328,0.34299334151378874,167,58,0.6178400303156988,105
16,29,0.13002440744414634,0.11827806005488212,226,255,0.8965838712142381,22
17,21,0.1083840967578677,0.09207063079502881,234,247,0.9213162779364741,11
18,22,0.15685210690612836,0.07015797704042803,233,248,0.9455535412953766,12
19,22,0.23231744857737666,0.04628530049794429,233,248,0.8950871126284176,12
20,25,0.21468914798944605,0.08203171511656271,230,251,0.9207095580925183,16
21,21,0.12222676285686179,0.12859294718050207,234,247,0.8713550367888139,11
22,23,0.15278593021955175,0.021779354763513434,232,249,0.8099887671301675,14
23,64,0.22005274214591838,0.19001346537726996,191,34,0.7553095391394452,71
24,137,0.5768697412671351,0.5410861958660644,118,107,0.4554857605731439,174
25,144,0.5723987623904342,0.5794629384442346,111,114,0.45799301452304186,184
26,143,0.5575538917358557,0.5171058581078735,112,113,0.46297288640311324,183
27,138,0.5834498498613643,0.5665888110416493,117,108,0.43278339661110005,176
28,142,0.5284382187841795,0.5659526959571183,113,112,0.35542338880778596,181
29,142,0.4581700811082312,0.559928638531326,113,112,0.46728183915932003,181
30,15,0.025509076055985964,0.08607580880471137,240,241,0.8547136073509216,2
31,27,0.05215154783272995,0.0735864848982496,228,253,0.8889728092993254,19
32,28,0.06510586708396232,0.15317751757993314,227,254,0.8271487320937863,21
33,50,0.186975528170296,0.1758077101167971,205,20,0.8044532208697007,52
34,54,0.17613445920503557,0.19243487179165836,201,24,0.8069680630329678,57
35,38,0.25532093171607156,0.10515654768739557,217,8,0.8828587294057898,35
36,25,0.092309677063881,0.12552738123280394,230,251,0.9126246884402575,16
37,43,0.1939648452684978,0.2191347264576632,212,13,0.8681900084080281,42
38,33,0.07466772440756986,0.12376778048418324,222,3,0.8676969299728347,28
39,54,0.3068829701628465,0.19094625863195172,201,24,0.8235074628243287,57
40,92,0.3956317924130754,0.38817465458850076,163,62,0.626575953817948,111
41,62,0.19487241151051427,0.2672139158221496,193,32,0.700106823034062,69
42,41,0.05879504854470856,0.15180322103647656,214,11,0.8253194774498973,39
43,65,0.13801177328227188,0.21200681666226698,190,35,0.7734506476908194,73
44,76,0.3946980813873819,0.25185108936845485,179,46,0.7722405856996334,88
45,67,0.21503297886122402,0.25740668480373224,188,37,0.776891897783602,76
46,42,0.3399502628934461,0.17510328367031316,213,12,0.8589714880034274,40
47,21,0.0,0.06739291208284934,234,247,0.842005501289193,11
48,23,0.08575409544148617,0.08227363712745488,232,249,0.9651254153415095,14
49,19,0.07986674073231778,0.09234964565325163,236,245,0.9071540763339105,8
50,21,0.0,0.0744208468854571,234,247,0.8589357414689419,11
51,19,0.0015278917581092455,0.05097776332372127,236,245,0.8447904596307786,8
52,20,0.05388909195092777,0.0801005747812678,235,246,0.9018665170433089,9
53,50,0.1592781655815756,0.16788867362357732,205,20,0.8211510491515,52
54,130,0.5144857478587554,0.5610579532508788,125,100,0.44154008657794297,164
55,143,0.4866971650680668,0.598149902448421,112,113,0.45635492412946943,183
56,142,0.4850443894154489,0.5371844428901097,113,112,0.49311682243201094,181
57,145,0.4712797864494995,0.5814453820265916,110,115,0.45295604715633786,185
58,144,0.5906205395994534,0.5406400873415281,111,114,0.4132306901886667,184
59,138,0.6391557531262015,0.5277207097584606,117,108,0.4218711342835274,176
60,35,0.2189502022018016,0.1813193667539532,220,5,0.8472395586101302,30
61,28,0.12617236934479822,0.16444305906725576,227,254,0.9015284636760157,21
62,55,0.4046100768858276,0.23957138412813256,200,25,0.7789462537507045,59
63,61,0.12443339270584021,0.22878494667919025,194,31,0.7266791251003811,67
64,74,0.4297292083255117,0.30163642147049297,181,44,0.6377515587494125,85
65,77,0.17969046915432468,0.35094630938408233,178,47,0.6635656402955791,90
66,62,0.2748209546100673,0.2251347970091977,193,32,0.7139112800237679,69
67,33,0.13249336026535277,0.09880091382151097,222,3,0.8209144877044613,28
68,40,0.21044568117335824,0.1855314951064173,215,10,0.7967325104430195,38
69,40,0.15861904989744446,0.1071813588901277,215,10,0.8087905802179258,38
70,38,0.07705248856943635,0.12892130211720595,217,8,0.8733737944998177,35
71,42,0.19299718028678708,0.09879128419946631,213,12,0.8023073203671807,40
72,61,0.2928420805463201,0.2340899130834008,194,31,0.7093453994289571,67
73,87,0.29699822719628366,0.4056838363276579,168,57,0.6742454663604498,104
74,75,0.2895255033202898,0.2872336470921789,180,45,0.7135538328389074,87
75,74,0.33251956522554077,0.26098860160075316,181,44,0.6974587528633654,85
76,58,0.2545776289139779,0.25325983812328173,197,28,0.7597149470757778,63
77,28,0.21404477099235641,0.09348676993835184,227,254,0.9068616836220913,21
78,27,0.11194224721884392,0.07916449909321607,228,253,0.9092077012393509,19
79,34,0.13770190483728598,0.12964271388059637,221,4,0.8793686567706405,29
80,36,0.13534588645111625,0.12563725485201302,219,6,0.9129434506893089,32
81,29,0.038461018805441574,0.11023326728909791,226,255,0.8738972891680791,22
82,18,0.056164107605941115,0.10697174924622736,237,244,0.9407758810689665,7
83,26,0.08220804588340531,0.09531084739262696,229,252,0.8716892047885995,18
84,100,0.2805238558198524,0.37817210394729467,155,70,0.6259091863658844,122
85,145,0.5107509805716132,0.5957083897178276,110,115,0.45697084026514595,185
86,144,0.5242214359760797,0.528521127073371,111,114,0.4316753691937292,184
87,141,0.68619946693577,0.5710803608979769,114,111,0.4072202527172278,180
88,118,0.5019464898994982,0.5145801495527799,137,88,0.5169937147933492,147
89,110,0.4795563237789679,0.40918187172531284,145,80,0.5843178361944522,136
90,49,0.1450643154065887,0.1985353988183857,206,19,0.8181378024942197,50
91,45,0.206134385097123,0.1671310473632216,210,15,0.8314377509207825,45
92,64,0.38435838138722067,0.2521775034133772,191,34,0.829628256403159,71
93,77,0.21241483486520335,0.3536897659968615,178,47,0.7007382653381591,90
94,77,0.36449374746614327,0.3344581007726869,178,47,0.6992619969189624,90
95,78,0.24211750475923785,0.30296137040914034,177,48,0.6897651464608711,91
96,79,0.3445430634990443,0.3547732784763626,176,49,0.781208577306525,92
97,43,0.1985195421960826,0.1583361890892769,212,13,0.8564202868008458,42
98,47,0.15182532146444,0.14875070260911943,208,17,0.8407851674872943,47
99,113,0.590776182391308,0.4525016390752034,142,83,0.5718327775426187,140
100,152,0.6161686011871398,0.5765831887159092,103,122,0.38771414935252047,195
101,161,0.6597701230825673,0.6192096306693065,94,131,0.33159695274390033,208
102,163,0.5833159095090772,0.6238424222106644,92,133,0.4105723457833625,211
103,172,0.675005609791133,0.6934431649837733,83,142,0.3264332797146676,224
104,166,0.7192018212397288,0.6540464412877759,89,136,0.32026035190962476,215
105,105,0.3518425417334474,0.457331632461909,150,75,0.506425125318419,129
106,53,0.17354866860151247,0.25565664256994686,202,23,0.745915970912223,56
107,44,0.09986320535349343,0.1526696828722776,211,14,0.8048103098792405,43
108,64,0.20706322368989533,0.31597289459969397,191,34,0.7324679038868878,71
109,71,0.28629375303087606,0.33936890869043185,184,41,0.6666811365517373,81
110,70,0.37087961359782673,0.28069790826919017,185,40,0.778413788090271,80
111,67,0.15553049847399936,0.24680658113202564,188,37,0.805599542792028,76
112,40,0.22321221932590668,0.18242267375377874,215,10,0.784016906987866,38
113,19,0.038054612958918356,0.04716048241494368,236,245,0.9161369007892942,8
114,62,0.2242805884604586,0.25495599767988275,193,32,0.6673210379181732,69
115,138,0.46950641943610055,0.5072613350764423,117,108,0.5452905045604164,176
116,124,0.6342043416918645,0.497337775041393,131,94,0.44319831814940736,156
117,79,0.3226677226055886,0.27762610977368396,176,49,0.6854264819408347,92
118,33,0.06287323419809641,0.12918457690428503,222,3,0.9326727704113678,28
119,53,0.3318557391113228,0.21968321334593177,202,23,0.8018210736575286,56
120,31,0.12114750353521374,0.13623388831144806,224,1,0.876012175294573,25
121,60,0.14225396827638476,0.25696411917834483,195,30,0.8264625234072968,66
122,76,0.38312834545117586,0.331045387632944,179,46,0.5718973713496047,88
123,77,0.1768430607179524,0.32624267595910583,178,47,0.6755267450079673,90
124,75,0.41035077348859517,0.36895486930011756,180,45,0.6846835048459281,87
125,70,0.29518252838404385,0.23516755475678258,185,40,0.698209920044945,80
126,56,0.17504402195966984,0.18963815307187543,199,26,0.7994396064919739,60
127,90,0.1874747717178438,0.3489648618921567,165,60,0.659107456022942,108
128,135,0.5352945045380791,0.5701369876942466,120,105,0.4523442655818696,171
129,174,0.6008993095147043,0.6790814135606155,81,144,0.32325363097029564,226
130,182,0.8102161165787606,0.6834978356870353,73,152,0.3106749863651673,238
131,184,0.714413775866456,0.7552820083780697,71,154,0.249708492361269,240
132,164,0.7125567550324481,0.6690900768632522,91,134,0.3736874617069687,212
133,143,0.5682175726240534,0.5920585678848134,112,113,0.410011497056091,183
134,62,0.22873609140886483,0.24749581178529742,193,32,0.7626044932648763,69
135,32,0.11303756105916084,0.16861827118834025,223,2,0.8662112474047795,26
136,52,0.2742549882770995,0.18426318405957265,203,22,0.8358647783684758,54
137,75,0.36155748557234135,0.28896092293101244,180,45,0.7169830551826558,87
138,73,0.318043945285922,0.29471403048876643,182,43,0.6726863566997453,84
139,71,0.378067589872184,0.28836659964054034,184,41,0.6954274933365461,81
140,58,0.3818111559746108,0.2172172934285541,197,28,0.8293325368292429,63
141,45,0.07303413934666628,0.19577055757678213,210,15,0.7902581191876148,45
142,33,0.16943350508483107,0.10131310787970996,222,3,0.8905725690540376,28
143,20,0.0,0.05486211280265171,235,246,0.8861842225155568,9
144,32,0.013491096355897236,0.08635309435972086,223,2,0.9240688459193883,26
145,49,0.20345218258751463,0.1831492554832611,206,19,0.7527164630912642,50
146,35,0.15476685876821134,0.13894029998863452,220,5,0.8565554396883067,30
147,27,0.2049908230599764,0.06293719528453852,228,253,0.927691428769417,19
148,23,0.1827373719642979,0.13040033300539475,232,249,0.8943699483445522,14
149,56,0.21494576416999522,0.24003816732184519,199,26,0.7866060512922562,60
150,31,0.1323502751264418,0.17593028314774556,224,1,0.9224470032604014,25
151,58,0.21561755235928357,0.2503822102342702,197,28,0.8252052739038075,63
152,80,0.29797168861165646,0.26925138290241085,175,50,0.6518551753835489,94
153,77,0.2590768149572484,0.28011088649737337,178,47,0.6955110456505645,90
154,76,0.25352686728626456,0.31479038604091814,179,46,0.7290799885790531,88
155,61,0.22535040489641744,0.24422227194992346,194,31,0.853723937071244,67
156,84,0.3315615080301472,0.32653429190212274,171,54,0.5690175205110239,100
157,162,0.5982521108070944,0.5940536348602409,93,132,0.3596679342452931,209
158,175,0.7424780974383449,0.6174806961370022,80,145,0.19221675371178423,228
159,174,0.8671619933412389,0.6810503169434737,81,144,0.2598257838271074,226
160,162,0.6100118400952954,0.6146110223888449,93,132,0.30879147057762085,209
161,167,0.5901564678486454,0.6738584955792608,88,137,0.3307262569057527,216
162,96,0.3726604327256097,0.38216352110615365,159,66,0.6076952080039525,116
163,40,0.07104210961390309,0.14036176345633045,215,10,0.847142493662562,38
164,50,0.13761541749784795,0.1751650138880109,205,20,0.8735701138889004,52
165,72,0.2880029290470071,0.27252133198969414,183,42,0.724238963242192,83
166,74,0.2984219173121637,0.31233950422352524,181,44,0.6852456903687008,85
167,73,0.35848151682126417,0.2668283781939343,182,43,0.7876307746176009,84
168,59,0.20333125048943618,0.23936943746173642,196,29,0.8040857823620294,64
169,41,0.18185293559906493,0.1575984010423063,214,11,0.8204536293695762,39
170,30,0.038172811012868846,0.07549151970358668,225,0,0.9167923965590972,23
171,24,0.16019076950058075,0.1433035670890333,231,250,0.9333150359278586,15
172,23,0.11289887465290331,0.0782518183568312,232,249,0.9107121578055365,14
173,20,0.0762330116427153,0.09679017990186851,235,246,0.9283815484368995,9
174,19,0.04150875474432472,0.018948508790588993,236,245,0.8528986387094695,8
175,18,0.032168425956408876,0.05460621144091094,237,244,1.0,7
176,23,0.0,0.07624470924493867,232,249,0.9197404544368638,14
177,20,0.23749579153009723,0.09901767816673533,235,246,0.9386464782463577,9
178,24,0.09106395333000133,0.15419114558017605,231,250,0.9383771544891848,15
179,82,0.38395562168392405,0.35349834459026613,173,52,0.6575229657992534,97
180,88,0.3855101701449828,0.29230898568724184,167,58,0.7065138100381213,105
181,33,0.1656139379925189,0.12665089367438978,222,3,0.8670532670719129,28
182,59,0.18850589057202655,0.2793499885018281,196,29,0.7750895299288262,64
183,62,0.25704742975615136,0.2266415480054121,193,32,0.834119443883092,69
184,53,0.2365713528140706,0.19929147842024567,202,23,0.8296295524188432,56
185,75,0.39735670123680766,0.36362488418573524,180,45,0.756799451765314,87
186,160,0.5433322774788667,0.5952023218576711,95,130,0.33330158673606314,207
187,177,0.7449755091615798,0.6783329176322399,78,147,0.30663028300290435,231
188,174,0.5826015860326623,0.6740038820399492,81,144,0.29149418673827004,226
189,169,0.6458856098287686,0.6467369513756712,86,139,0.37297219488446315,219
190,141,0.644708087802538,0.570253550570134,114,111,0.413153370500273,180
191,61,0.33441644567029516,0.24270073594877042,194,31,0.7829109173302741,67
192,31,0.08074261096822227,0.12039757826930392,224,1,0.8540657752744655,25
193,63,0.18232729527097805,0.28826234904784914,192,33,0.8020939817598984,70
194,78,0.39089959708695554,0.36066734440957887,177,48,0.7198739799954789,91
195,75,0.31865580011647404,0.2963673197004749,180,45,0.7986344114463648,87
196,62,0.38781183404604974,0.19933295124995254,193,32,0.7005445928715244,69
197,44,0.21679276019933852,0.16587456783103988,211,14,0.7891235410098641,43
198,27,0.0780563761874898,0.12814115888091251,228,253,0.8774218046503391,19
199,27,0.0,0.07090051523601887,228,253,0.8132486305097663,19
200,22,0.13109279855497546,0.036810407972066424,233,248,1.0,12
201,27,0.025969812135189743,0.11600158016743503,228,253,0.8931365829041857,19
202,25,0.17107709746636904,0.1072042752652797,230,251,0.9861429551881946,16
203,23,0.1688240734196984,0.08816468854775027,232,249,0.8701515669979931,14
204,24,0.18477462226313773,0.09687162223834102,231,250,0.9516355575564477,15
205,29,0.11193921544346762,0.07424714985257069,226,255,0.9056616432284913,22
206,24,0.16577407345565057,0.11814307655113508,231,250,0.8803155800905185,15
207,22,0.16977458776226623,0.11254392581318437,233,248,0.98846948636121,12
208,37,0.1679818747777382,0.18922528819795695,218,7,0.8215850177291025,33
209,109,0.46544980713733325,0.3757260657612038,146,79,0.5885859712565868,135
210,134,0.5976475127104498,0.5251195039947645,121,104,0.4560676574341933,170
211,45,0.07993223014255159,0.20186931597904834,210,15,0.848139979894872,45
212,38,0.2755795152588238,0.10559044817147205,217,8,0.8344434588530563,35
213,51,0.22877064745436837,0.22578555849255555,204,21,0.8874573659259172,53
214,33,0.04792195107394795,0.1759191745221783,222,3,0.8415238093377834,28
215,100,0.4189545119605261,0.3734609416066548,155,70,0.6218587888678185,122
216,176,0.5396398601438893,0.6609152617578716,79,146,0.22920861877520912,229
217,173,0.6265373612161088,0.6912640194509219,82,143,0.3015058142466158,225
218,165,0.709109115113547,0.6888299717575527,90,135,0.320097860772669,214
219,141,0.6817183726693599,0.5397157631388735,114,111,0.37692905273085775,180
220,47,0.16704227635929308,0.21662045432276292,208,17,0.8993705215583804,47
221,35,0.21835807291288467,0.1379257215004459,220,5,0.8860572410811507,30
222,72,0.37451285287279845,0.2695556124877869,183,42,0.7877202813466785,83
223,80,0.2771626907206828,0.30756402548585654,175,50,0.6910099964502434,94
224,73,0.22628229220871704,0.2829727149605432,182,43,0.6748825165798616,84
225,64,0.3180666423925422,0.2906974023008908,191,34,0.7578196691870293,71
226,37,0.13057868515871843,0.19266439538114838,218,7,0.8519809247144585,33
227,24,0.09155643003151687,0.09390568652874895,231,250,0.8227709629709298,15
228,28,0.1797072005176379,0.10618012431513874,227,254,0.8873939444812949,21
229,24,0.0,0.030202968343279207,231,250,0.9249520199494736,15
230,28,0.10089700250633381,0.10197678475104958,227,254,0.8613332941053848,21
231,27,0.10274738154677564,0.13150613407069936,228,253,0.8701943659969325,19
232,24,0.08511239544075919,0.1062171772796338,231,250,0.9947887395573441,15
233,25,0.20399089201840034,0.11453291266744006,230,251,0.8905303023193581,16
234,24,0.07500797554152303,0.12460973139154473,231,250,0.9414269452912777,15
235,28,0.06980856501995858,0.07734217945479047,227,254,0.8661062459402442,21
236,26,0.0,0.12172687290467832,229,252,0.9482859430732979,18
237,22,0.14472373076585396,0.12411636317507171,233,248,0.9429693561826227,12
238,54,0.2401248496847169,0.22057096498783685,201,24,0.8361793398395252,57
239,113,0.5502856087686325,0.42469091813637566,142,83,0.5232757129447451,140
240,126,0.5048818998290517,0.5074038305414915,129,96,0.4617399381062116,159
241,58,0.37836565424045876,0.2230067294923454,197,28,0.7763968275780391,63
242,66,0.2237354263466617,0.33672302732502946,189,36,0.7153896786165387,74
243,122,0.3960821040310833,0.46030609911741216,133,92,0.47675461479813325,153
244,80,0.27499204642990716,0.2641362988639312,175,50,0.7029940919534918,94
245,135,0.45400471726244823,0.5443324109883427,120,105,0.4854498769025262,171
246,185,0.6833700478201129,0.7664752721705734,70,155,0.36727510912940026,242
247,177,0.6512397180412277,0.6945202471404394,78,147,0.2848652157823641,231
248,144,0.44754184307997724,0.5785840702674832,111,114,0.4762126080699648,184
249,52,0.3253111456667694,0.26579481846894093,203,22,0.7937429928763364,54
250,33,0.084303812490795,0.16440457849121937,222,3,0.8737962057394073,28
251,75,0.24286016156741022,0.21819197713810365,180,45,0.6754384406699422,87
252,79,0.29286334637549155,0.25181792773222356,176,49,0.7447896477444339,92
253,69,0.3808873135005405,0.28905440753336237,186,39,0.7937317410800554,78
254,58,0.0690009227024399,0.22605777715840425,197,28,0.8072203000068159,63
255,25,0.04961756784758606,0.1343216516661088,230,251,0.8839366673418738,16
256,23,0.07493809177690473,0.12582380325772616,232,249,0.9703563234945718,14
257,27,0.03702221517760479,0.11798348851432165,228,253,0.847454268747517,19
258,25,0.1411388709477585,0.1795756782341582,230,251,0.8763169577091028,16
259,25,0.04934324287559367,0.09647617397561975,230,251,0.8793074493821044,16
260,25,0.06612326132109345,0.09711995594279382,230,251,0.9056525370436338,16
261,26,0.15294030639596964,0.10248958727366483,229,252,0.9051601748050195,18
262,24,0.06289478692280212,0.07790679367285697,231,250,0.977361399638183,15
263,25,0.2878855449577202,0.1502923809858449,230,251,0.9081693811078092,16
264,27,0.11550059230606732,0.1701813965994804,228,253,0.8940337076966275,19
265,24,0.10127205295917907,0.09139501097609608,231,250,0.9041138407276074,15
266,25,0.11384264351046518,0.02986066523444257,230,251,0.8654133912013748,16
267,46,0.13969751919448883,0.19519957858837783,209,16,0.8603845130300218,46
268,127,0.518329634044052,0.4811263582893128,128,97,0.5603698117061225,160
269,146,0.5361064655592613,0.633010353291193,109,116,0.4202000007749064,187
270,97,0.433047035618833,0.38508958636442686,158,67,0.6395136925166796,118
271,71,0.2914294834058711,0.30975279956156704,184,41,0.7246414558177596,81
272,85,0.32364180332695097,0.3105021828310377,170,55,0.6925649783216367,101
273,138,0.5373632348790451,0.5354657996105917,117,108,0.45851527781725127,176
274,93,0.4811151773047597,0.3671994662569745,162,63,0.7519531334822545,112
275,160,0.594675242560942,0.6694175770844327,95,130,0.392790540893154,207
276,178,0.565650201892375,0.659995581138399,77,148,0.38344773312385455,232
277,116,0.4791407179149196,0.451931741409979,139,86,0.44840740707867877,145
278,49,0.1699075040791453,0.1520348982759114,206,19,0.7228358947382489,50
279,36,0.07731448488652284,0.12445459109281773,219,6,0.7903527737307408,32
280,74,0.32864169636542695,0.27629963958608267,181,44,0.732457951537781,85
281,77,0.3457217340244426,0.3061237890394995,178,47,0.7945301620662999,90
282,69,0.29660658864072675,0.28283225091137776,186,39,0.7257888572490225,78
283,36,0.15673857671762034,0.09876205572399106,219,6,0.7894922808343781,32
284,17,0.016150941494710185,0.0539707558091967,238,243,0.8514337812543057,5
285,20,0.07121075384677084,0.075642838585559,235,246,0.9014304173344035,9
286,25,0.0,0.07806103679938081,230,251,0.9061239893563922,16
287,24,0.14008070320483512,0.13509688306806517,231,250,0.8373930974429118,15
288,25,0.21798335493423937,0.08746463974691854,230,251,0.905442856983521,16
289,22,0.11868979898970511,0.11001814034234428,233,248,0.8678313468307357,12
290,21,0.06799501263106097,0.12908799741723956,234,247,0.9355203058942778,11
291,21,0.11919290998707158,0.08843007615997979,234,247,0.919912223538133,11
292,24,0.0795188545810221,0.09072924030942817,231,250,0.8429914805624266,15
293,25,0.1389365658337982,0.11012464063216808,230,251,0.7980226334903767,16
294,30,0.20414857509718493,0.10218005150816517,225,0,0.873457388180851,23
295,27,0.12667414590024523,0.07944237618732336,228,253,0.8912193632213643,19
296,22,0.12666255513494845,0.1181945127887433,233,248,0.9083824750767742,12
297,53,0.13873333944932295,0.18618591571641685,202,23,0.7067403369446107,56
298,139,0.5674301397967138,0.549419277124151,116,109,0.411685159495806,177
299,158,0.665125787447396,0.6088835452375401,97,128,0.4054819301437192,204
300,89,0.3055972507900017,0.3928791368305029,166,59,0.6478333679747598,107
301,70,0.27789168482570864,0.2968738851110469,185,40,0.7102190984663671,80
302,71,0.12784281201865705,0.30407952870369015,184,41,0.7810326898678785,81
303,99,0.3834707828813409,0.3664213152457004,156,69,0.6225944864379337,121
304,72,0.11634342917510432,0.26754345685081965,183,42,0.7407129902721309,83
305,123,0.5137427648812612,0.5020386331831566,132,93,0.4910169062718376,154
306,89,0.4808912369603448,0.3747484617514745,166,59,0.6876778738040752,107
307,36,0.11751227547536655,0.14438627958744962,219,6,0.8942754329567251,32
308,52,0.24781931165284538,0.2252015580683539,203,22,0.7298015076216675,54
309,73,0.3172052173915862,0.3053769545180996,182,43,0.7140317817673931,84
310,79,0.421029845194113,0.2895800526672358,176,49,0.7001103830384006,92
311,72,0.17693132906210812,0.33630566025232644,183,42,0.6992963853833912,83
312,36,0.06567935623044198,0.17400615414576215,219,6,0.831190451886859,32
313,17,0.03006400064501212,0.06405784228470487,238,243,0.9123211994100716,5
314,23,0.18465958547416464,0.07533603582863053,232,249,0.9068725195448242,14
315,19,0.21537761587612503,0.05783665844550692,236,245,0.9510980737861577,8
316,19,0.0479104623682849,0.10816133399405167,236,245,0.9218662176508827,8
317,23,0.001487229993345801,0.13709283734880662,232,249,0.9188483741220259,14
318,17,0.0033191457735044505,0.04823030350408346,238,243,0.9579614039118055,5
319,22,0.012530427561734933,0.06048627465567866,233,248,0.8340351233335607,12
320,14,0.10764319199771386,0.06761518091029693,241,240,0.9152322196516796,1
321,21,0.05053806524657377,0.09843528654566892,234,247,0.8701840772413573,11
322,28,0.08122556207671194,0.11979284772048565,227,254,0.877850821628683,21
323,25,0.3015283759114157,0.07240232538368459,230,251,0.8822103197852894,16
324,23,0.0,0.08799082602922374,232,249,0.943367651211539,14
325,31,0.02355143614549378,0.1210564503639603,224,1,0.9313962759299835,25
326,58,0.21983544652411505,0.21722301523439164,197,28,0.7647975235814873,63
327,46,0.23322151228992327,0.16617411147899433,209,16,0.7591834382415159,46
328,33,0.17776449680904488,0.1474648861084475,222,3,0.8158863930544031,28
329,93,0.36296798591783835,0.40108023694049244,162,63,0.599052440258764,112
330,77,0.2820202607539915,0.35829490741730835,178,47,0.7633453734768983,90
331,61,0.18181588879035554,0.23759702928735676,194,31,0.7346090735117143,67
332,51,0.19188009942643552,0.14906443386417936,204,21,0.7861066789107273,53
333,43,0.17099723636341396,0.15317551898447995,212,13,0.8147491428274486,42
334,16,0.0014601553739027051,0.003254989994069181,239,242,0.9329137383520524,4
335,31,0.10722606052728406,0.0958865254363891,224,1,0.898225931949629,25
336,45,0.16362151419598725,0.20215393721326858,210,15,0.7114435092484993,45
337,74,0.18107621975253274,0.26564626107016437,181,44,0.8242500652289677,85
338,83,0.36996674938745705,0.3252069568718927,172,53,0.6752755223321483,98
339,78,0.4229089289881966,0.2890009110854976,177,48,0.627956851452028,91
340,68,0.26504398445057764,0.2676872500360016,187,38,0.6826699153595157,77
341,43,0.12582451987017135,0.16593459086485504,212,13,0.8476931836084934,42
342,36,0.162996746863812,0.11288145557857096,219,6,0.8383728137184876,32
343,61,0.18166396778756885,0.24841688005527673,194,31,0.7779288344411767,67
344,63,0.24859377817267797,0.27308096344799854,192,33,0.7888943466942328,70
345,66,0.1894719688509231,0.263772889960442,189,36,0.8500968598678671,74
346,63,0.2794125821592754,0.2686671519768359,192,33,0.7666316224388001,70
347,75,0.38010123287237196,0.31284748698608356,180,45,0.6888004317134655,87
348,105,0.4583767242050604,0.436788760552014,150,75,0.6276337084808717,129
349,108,0.5392204577560693,0.4221539347854009,147,78,0.5501242188153357,133
350,114,0.37640878889443874,0.5048541710197801,141,84,0.5382912012292146,142
351,114,0.3951074376964246,0.42016642855095665,141,84,0.5902827321867116,142
352,96,0.4415737994968511,0.44237019123357846,159,66,0.6497920306358229,116
353,37,0.17538633784825794,0.11861878290224177,218,7,0.8490684439679673,33
354,13,0.11891410247418642,0.12073661837224997,242,239,0.9147205727447837,0
355,23,0.06387701157332434,0.05878099490323167,232,249,0.8464906869053973,14
356,60,0.19161570580436105,0.16951826384376054,195,30,0.7094269093609386,66
357,134,0.41434711771778093,0.5339559740598838,121,104,0.4483132957448137,170
358,77,0.3799422736969192,0.25564936277718747,178,47,0.7208101098237841,90
359,23,0.006665583297415831,0.045829820368033215,232,249,0.9596866719097411,14
360,104,0.46241247053847245,0.42274723672476233,151,74,0.5312584595457897,128
361,81,0.3403371524655661,0.3209529114750859,174,51,0.6798258607505686,95
362,129,0.43730764535587263,0.4896571751651689,126,99,0.4109398110967664,163
363,109,0.4781696754474089,0.4072222003574698,146,79,0.5250906604417077,135
364,32,0.062283852157289585,0.14183253438871757,223,2,0.8790247997243987,26
365,63,0.25568671865068676,0.22578287969588867,192,33,0.7632546986380747,70
366,71,0.3273679386882688,0.2837493101131537,184,41,0.7365453402656824,81
367,80,0.3239518256447353,0.3193422663309966,175,50,0.6905554583734163,94
368,75,0.2585350221893002,0.2591596749328246,180,45,0.6233924116253589,87
369,68,0.33231513869153395,0.26348184216487724,187,38,0.6686675907685274,77
370,46,0.10979333096089264,0.19913141114064284,209,16,0.8369359085111973,46
371,25,0.14569134065317596,0.10100130333484825,230,251,0.9128764382632,16
372,55,0.18860916303635775,0.2546669052833145,200,25,0.7971160746412078,59
373,139,0.5870589971946141,0.5358143876219528,116,109,0.4113326364559177,177
374,147,0.6328682444537682,0.5793847104856763,108,117,0.3573656155829009,188
375,146,0.5652883363024621,0.5435725232572763,109,116,0.42123582575722085,187
376,137,0.5861735274465013,0.4809521918096495,118,107,0.4504528919169806,174
377,125,0.5931976294538351,0.534058573497541,130,95,0.5448070475057369,157
378,116,0.46372265559276143,0.43032445498478233,139,86,0.5362193039349709,145
379,147,0.6333979685544465,0.6204346828599708,108,117,0.4047846727875224,188
380,157,0.5871227089272124,0.6263684171389174,98,127,0.42668306978748466,202
381,145,0.5052454504432664,0.5121026110498794,110,115,0.4469722189200024,185
382,97,0.3892352253805727,0.4058832283674448,158,67,0.7036544785105113,118
383,62,0.25290991470116786,0.23950177196705782,193,32,0.8096174040900501,69
384,118,0.3355991426951416,0.47817075107288753,137,88,0.5879325655530142,147
385,113,0.40324401195282283,0.48097395250620534,142,83,0.5888605295035346,140
386,65,0.19614896169681198,0.21044192165295175,190,35,0.7655850800758522,73
387,58,0.24706111016704183,0.22239774720862646,197,28,0.7726188741533889,63
388,131,0.5128028981708174,0.5412323811286676,124,101,0.49688744487381653,166
389,109,0.3376853048925221,0.5011562893341486,146,79,0.5297071345011192,135
390,56,0.18819536756010088,0.2371048331149513,199,26,0.725223939617145,60
391,100,0.3553796021670832,0.3567860583256009,155,70,0.6833034300692867,122
392,149,0.5828694692775817,0.5431190950068608,106,119,0.49995006200726594,191
393,78,0.27403187438067006,0.31677235006973936,177,48,0.679061378177599,91
394,43,0.19707259839887722,0.1770967632618857,212,13,0.9007143688875496,42
395,75,0.29353163769884,0.2845180553013503,180,45,0.7301731884785093,87
396,76,0.36982485180927455,0.3036847077378763,179,46,0.6599181627061143,88
397,66,0.21392633470176425,0.22106144290905455,189,36,0.7432098667152803,74
398,56,0.21344551282989238,0.21618010985740974,199,26,0.7791511087523939,60
399,36,0.16425087731758428,0.10667813128406237,219,6,0.8546450278045435,32
400,25,0.07929733726005522,0.09771958340042004,230,251,0.892631173076723,16
401,24,0.04432442858201473,0.08042407475402277,231,250,0.8208284231912528,15
402,72,0.21390483529122611,0.2581786373024571,183,42,0.8245802362151482,83
403,148,0.577899386057043,0.576472965318402,107,118,0.3821970302874975,190
404,152,0.5316361476841049,0.5848940441712778,103,122,0.41562740401332754,195
405,120,0.4766175506780207,0.48395316633649355,135,90,0.5161889151055402,150
406,74,0.2711825826333352,0.29470193137974793,181,44,0.8298539276047935,85
407,62,0.33778735517755903,0.30103360796271866,193,32,0.8456071418342831,69
408,56,0.08088756864109861,0.14290728013821566,199,26,0.8568151010136493,60
409,51,0.19756381476702733,0.1973606869336031,204,21,0.7592188376566763,53
410,98,0.312172872521331,0.4028580841953545,157,68,0.643746954064772,119
411,124,0.4354451704371653,0.4749815035752129,131,94,0.5435719553946594,156
412,83,0.42696777833491883,0.3875131405139188,172,53,0.7150745494493744,98
413,161,0.6773138815080876,0.6509743560630158,94,131,0.4387149840017165,208
414,187,0.7055980155397854,0.7331115880021645,68,157,0.2628867994183945,245
415,187,0.7596819293053934,0.7455912903022502,68,157,0.34213815555153204,245
416,170,0.613133409135477,0.639741096346539,85,140,0.3230649919944963,221
417,57,0.16602009998556416,0.276461129875751,198,27,0.7986055630835764,61
418,114,0.36747601509667416,0.4627321570462916,141,84,0.5153278499851518,142
419,147,0.590031849592013,0.555618410811971,108,117,0.367922384195963,188
420,96,0.3307429924423156,0.3328374782390107,159,66,0.5784791784571041,116
421,127,0.5414447640309166,0.4879715382090071,128,97,0.49281564962263785,160
422,133,0.5386306958231565,0.48811446990277685,122,103,0.526579052455794,169
423,24,0.1835167176109507,0.10352789359425156,231,250,0.9220453297497059,15
424,54,0.07947828312527483,0.2135422772009461,201,24,0.8638101713486855,57
425,74,0.2899969795439481,0.27400248969920676,181,44,0.7151697811897477,85
426,69,0.23043547790127256,0.23118472146154825,186,39,0.6698054293787346,78
427,47,0.2540528842831621,0.1641132597026122,208,17,0.7652714696185815,47
428,30,0.15536708702840704,0.15068939722808994,225,0,0.900311789702572,23
429,27,0.09264332572494985,0.05437959315438326,228,253,0.9288366289211566,19
430,26,0.08998460874311792,0.0842995409278228,229,252,0.8621630462666613,18
431,25,0.026789885233918592,0.05632122320989229,230,251,0.8555422297850156,16
432,81,0.3241929734397243,0.3120291658841336,174,51,0.70733962090297,95
433,150,0.3203914302436034,0.5759831910032086,105,120,0.4392847659454177,193
434,138,0.5246872352218622,0.5512919244181187,117,108,0.4445712182366122,176
435,80,0.493558866654072,0.2843244406265599,175,50,0.6089534165602943,94
436,122,0.5531753068223743,0.47374964683686394,133,92,0.5363340375695697,153
437,164,0.6497642329762786,0.5837832923271079,91,134,0.34315830798830604,212
438,171,0.6673265459657833,0.7024895904884563,84,141,0.31839930480057255,222
439,156,0.6256299142637105,0.623350585723737,99,126,0.3046975943926085,201
440,54,0.23509437541613973,0.21527903398327805,201,24,0.8434213866580411,57
441,56,0.17024147619116092,0.19438860961683443,199,26,0.8178832582617767,60
442,132,0.4534192668571953,0.4894864825914953,123,102,0.41006010167008566,167
443,188,0.8466121092950981,0.7074228625610515,67,158,0.22665031604828037,246
444,166,0.588792091805183,0.6111008049792276,89,136,0.3460700187627883,215
445,127,0.5321259323846769,0.5366786113360379,128,97,0.506901626395561,160
446,181,0.6084325101020202,0.6909569921089018,74,151,0.272178896805731,236
447,98,0.33947118841523866,0.34837901693758866,157,68,0.6740844254474457,119
448,109,0.5023593934845718,0.4463902411773494,146,79,0.6186244073753322,135
449,140,0.7088355429813398,0.5236495572128904,115,110,0.4617592298541674,178
450,40,0.14910922581952474,0.11354840680567926,215,10,0.8160132789119673,38
451,106,0.4202436925988225,0.41637436117813675,149,76,0.5338581532566288,131
452,107,0.40969459490758736,0.4805140585693441,148,77,0.612167574195544,132
453,23,0.06949261448952561,0.13413690783971144,232,249,0.9152936628140126,14
454,30,0.20458298850546197,0.14341236514263214,225,0,0.9089660444316044,23
455,72,0.13088804369019966,0.2572443700908285,183,42,0.7408957983463079,83
456,62,0.3194940316756987,0.2715698018177249,193,32,0.7477606936261667,69
457,29,0.1444725361234739,0.06105612705001441,226,255,0.870089646449783,22
458,26,0.13102580231612712,0.02064058037448102,229,252,0.8466560529653602,18
459,26,0.15791290454909374,0.09228309082894895,229,252,0.8967224963619225,18
460,29,0.1633472264145712,0.12499045887059973,226,255,0.8225693437512447,22
461,25,0.04477404169043804,0.07129446650774138,230,251,0.9872400549972347,16
462,76,0.35601599822432056,0.3014262272331974,179,46,0.656146084671349,88
463,147,0.549337917344739,0.6132338098608036,108,117,0.4336477816167799,188
464,102,0.32458324463573146,0.372357497537786,153,72,0.6029908803476821,125
465,97,0.28115656361851793,0.33668898655723584,158,67,0.5728346945975328,118
466,180,0.6346039884579769,0.7423914178942191,75,150,0.27886025617831817,235
467,176,0.70267064431238,0.6871420647737909,79,146,0.3477649157921125,229
468,168,0.6241187507634592,0.71342670672594,87,138,0.3134983770028339,218
469,188,0.703054176988699,0.7328509884748475,67,158,0.24666234036572884,246
470,144,0.5825337087035223,0.5730789396084096,111,114,0.4444659010494368,184
471,54,0.1133236462848356,0.16902426329050693,201,24,0.7726243154232703,57
472,159,0.6552196597193682,0.6421651342366421,96,129,0.3762592420190084,205
473,184,0.6810203873429407,0.7335553207173331,71,154,0.3055252037363624,240
474,142,0.5147246934333358,0.560282877293441,113,112,0.5028719745676964,181
475,81,0.30058314324679547,0.33736078304765055,174,51,0.7227439544041724,95
476,163,0.6319100674785613,0.6203274045270135,92,133,0.32910499085125283,211
477,119,0.5528271036324416,0.5059785029798506,136,89,0.5919249225974117,149
478,114,0.45284125927605723,0.4777435392983716,141,84,0.6010770594503007,142
479,140,0.5138801432755296,0.5130774955365643,115,110,0.47018035596092617,178
480,24,0.008085456139718311,0.1281328760648795,231,250,1.0,15
481,56,0.42066461982244063,0.2405618656591695,199,26,0.8618102150537337,60
482,73,0.3564327295146526,0.33521412367762626,182,43,0.7273607515978234,84
483,70,0.320432275408715,0.29380812304692644,185,40,0.719181759835624,80
484,21,0.0949555701293152,0.08347006759565669,234,247,0.9378984392044661,11
485,47,0.20255173529593565,0.14516450160895134,208,17,0.7877493243359139,47
486,44,0.19065537807173918,0.16331614092814314,211,14,0.7896575761242297,43
487,21,0.18941289426215702,0.13173342705384666,234,247,0.9478093642620615,11
488,22,0.03600990543394609,0.12903871383109444,233,248,0.875361494557562,12
489,21,0.14948019054755618,0.06398417574234293,234,247,0.9234968268529029,11
490,28,0.15285049464887884,0.11952727366771017,227,254,0.9428014814406402,21
491,30,0.05742088262560918,0.08801431425820144,225,0,0.9549268013118318,23
492,98,0.29734751751884547,0.3792971533059441,157,68,0.6418466146956125,119
493,145,0.6259189731120613,0.5504926350046156,110,115,0.5231001266426614,185
494,72,0.40709968958199455,0.32516585987560764,183,42,0.7022150260845745,83
495,122,0.44351342790373205,0.4312040894118109,133,92,0.5232861743121481,153
496,188,0.8324513076452862,0.7412238107297031,67,158,0.2685245710656831,246
497,150,0.6539908911038727,0.5556343242067787,105,120,0.3771308369959387,193
498,85,0.31537409015208845,0.28909229288447624,170,55,0.6682874114663814,101
499,161,0.6193293996432391,0.6227642082486031,94,131,0.32300623717703375,208
500,175,0.8164899361550159,0.6546414902537585,80,145,0.3108809284687493,228
501,74,0.25904888524858655,0.27972084590509594,181,44,0.696368883365879,85
502,147,0.457126676528696,0.5908578198888076,108,117,0.43341637096555835,188
503,186,0.6921849207160506,0.6897209986807085,69,156,0.23579795340127685,243
504,177,0.7251643978416741,0.6784297395676934,78,147,0.2749215884307299,231
505,169,0.6409097990135727,0.6808568774494377,86,139,0.3812273649451853,219
506,172,0.608456060926027,0.6609146407540906,83,142,0.33532913523562524,224
507,96,0.3552099141942454,0.3962313813370052,159,66,0.7000006067439132,116
508,107,0.37698687275779047,0.43309728104423495,148,77,0.6407423472741754,132
509,140,0.5925830921813576,0.5553695765033134,115,110,0.44213291363658375,178
510,90,0.34226370701394115,0.33467419710165797,165,60,0.6191974283795049,108
511,36,0.057672456148309514,0.13188316339469697,219,6,0.89204914815962,32
512,49,0.13304455264814274,0.18706440363050142,206,19,0.793457097753176,50
513,80,0.4618842356886592,0.30231497546028385,175,50,0.748361427050885,94
514,29,0.09524920304260562,0.13457936200666337,226,255,0.8871681516282602,22
515,16,0.029958601497667048,0.06711926425358625,239,242,0.8909131286735321,4
516,20,0.10499633567627853,0.05209641524478128,235,246,0.8982038594845556,9
517,20,0.2360038016170581,0.0842790242503038,235,246,0.9571846027717152,9
518,41,0.2238341024042394,0.09534041429310344,214,11,0.8537703794743982,39
519,48,0.2590715608649161,0.19073553889862255,207,18,0.7940249311318985,49
520,30,0.2069647508670019,0.11274323235022568,225,0,0.8515052001777014,23
521,20,0.01349469512120971,0.06079681389060855,235,246,0.9592950251307311,9
522,94,0.32425480492176156,0.3562432850050438,161,64,0.6398024250249766,114
523,146,0.5550622994317957,0.5781788138125222,109,116,0.41533353078181456,187
524,67,0.1691692666849862,0.2622347411598461,188,37,0.6720493655122379,76
525,141,0.5145441807690617,0.5772722558750605,114,111,0.37369824121505546,180
526,187,0.7165506713087291,0.686183229591001,68,157,0.260866727761991,245
527,163,0.7224939693388837,0.6285964038992095,92,133,0.3523878908266126,211
528,120,0.43765426349651826,0.47807384064510894,135,90,0.5043790744653799,150
529,160,0.5305144986312549,0.6204115047790121,95,130,0.35050702551035023,207
530,167,0.574564928317108,0.702329636776665,88,137,0.31738000685754375,216
531,67,0.1035254086853469,0.261805867586616,188,37,0.6844471676624475,76
532,82,0.3192110477266309,0.291251741488354,173,52,0.6256611166269908,97
533,164,0.6049828871886627,0.6160629742136381,91,134,0.33897439126712187,212
534,185,0.6600485721300324,0.6409441483672561,70,155,0.2819435337979925,242
535,179,0.7246607181863142,0.6870628560295476,76,149,0.343134369149543,233
536,146,0.5450485041958962,0.533279275731628,109,116,0.43514874965534933,187
537,67,0.24023062853095506,0.23360498367811527,188,37,0.6683864042067356,76
538,126,0.4608760263487905,0.49125941160578196,129,96,0.5540340750984541,159
539,137,0.6079819850346666,0.5750514327948503,118,107,0.4638714496093358,174
540,156,0.5690279822920408,0.6255308659244556,99,126,0.36073490047187473,201
541,120,0.4226717872705159,0.4492485153933932,135,90,0.5330755643219076,150
542,85,0.28556025255121226,0.37124009787739404,170,55,0.640267376774604,101
543,68,0.3387944425777088,0.3141935886914938,187,38,0.7090699956515465,77
544,65,0.30357832868531176,0.25970743700040716,190,35,0.6958838284655235,73
545,28,0.19804664676557504,0.12018292708577742,227,254,0.9480720826891491,21
546,26,0.2065325525961626,0.06336902339823004,229,252,0.8649812813026806,18
547,40,0.20090812961996035,0.14468709201115226,215,10,0.8812781078189837,38
548,90,0.28241544418901027,0.3644512273656206,165,60,0.6677085670018073,108
549,129,0.48166693181582365,0.5235440658989485,126,99,0.456814209551396,163
550,117,0.5273174574864274,0.4926130785243952,138,87,0.460651245322238,146
551,28,0.07530411902771925,0.09026783164652086,227,254,0.8335531947150729,21
552,40,0.04326742827489323,0.16297583616149766,215,10,0.773864808801429,38
553,78,0.35248234573666914,0.3068749853106725,177,48,0.760946343946244,91
554,39,0.32858457303645383,0.18430963628101454,216,9,0.8135490941928146,36
555,115,0.5242112587462406,0.5419159002463316,140,85,0.6241687444653419,143
556,194,0.7545145517598543,0.7027040747804373,61,164,0.3282191147632252,255
557,187,0.7406509472364409,0.6810446219335938,68,157,0.2875793142990494,245
558,179,0.6094515865051655,0.7519805781187299,76,149,0.27330311601185847,233
559,183,0.7153821010552384,0.6813067573558951,72,153,0.3437825908340483,239
560,110,0.4970177090898945,0.46633052858947305,145,80,0.6760811762280211,136
561,81,0.29447625519877196,0.34247796678600423,174,51,0.7195248073800213,95
562,65,0.20826523680809225,0.2174110241011914,190,35,0.7876077802797589,73
563,38,0.3002197867569457,0.12003412846666733,217,8,0.8954938792657129,35
564,76,0.2961227607041427,0.268033967075532,179,46,0.7446184320056969,88
565,80,0.2995185280597486,0.3687989214659052,175,50,0.5929773042915207,94
566,54,0.2716698987474242,0.20862682645286912,201,24,0.796107351046986,57
567,82,0.2364887094969888,0.3050043351479721,173,52,0.5847476924518737,97
568,138,0.46771887103077464,0.5474746840675341,117,108,0.4731726776209836,176
569,138,0.5666432361219049,0.5345227356009967,117,108,0.4209192250737286,176
570,125,0.578703081874501,0.45881207045370426,130,95,0.5859566717982185,157
571,78,0.2707803912034245,0.27726676970069214,177,48,0.6969038227722384,91
572,64,0.2089340341220245,0.2622656590769393,191,34,0.7514847080145901,71
573,49,0.1590432256145393,0.17746209583046704,206,19,0.7655598819853011,50
574,44,0.24987975712059468,0.17221012929329604,211,14,0.8170366498335465,43
575,35,0.1215620895796814,0.14800199237622813,220,5,0.8325144145235533,30
576,18,0.08430481445359567,0.05128850640133978,237,244,0.9696967164564956,7
577,48,0.19944659139098042,0.19188144724730527,207,18,0.8239632381621769,49
578,131,0.4681936701630123,0.4771722922487087,124,101,0.5118740296922335,166
579,150,0.6099547309402306,0.5639551694143571,105,120,0.3120221063130811,193
580,147,0.6066460548553165,0.5929327643375982,108,117,0.4709749819594593,188
581,80,0.33675777588326666,0.3650892610247637,175,50,0.8123309445090605,94
582,45,0.23556922658348195,0.16990595401098438,210,15,0.8055708574402666,45
583,93,0.4386477584941758,0.37667829991304175,162,63,0.631133965552143,112
584,78,0.31804255278988336,0.31538568759089985,177,48,0.6841112392488323,91
585,59,0.2304130902600465,0.20997723874060184,196,29,0.699145738470002,64
586,104,0.3505928325428055,0.44139549497138025,151,74,0.630861030379374,128
587,150,0.5392656854335218,0.6094288710253973,105,120,0.4200690249379297,193
588,155,0.670486457673917,0.5934381498780658,100,125,0.3228444814674377,200
589,126,0.4126191263064669,0.5085309732946339,129,96,0.5443491954177236,159
590,73,0.2757416282403622,0.31775627840992826,182,43,0.671929383438468,84
591,134,0.6174910763929022,0.5399776457529076,121,104,0.47262786940456547,170
592,152,0.6197370815862207,0.57099255763212,103,122,0.3752478259747189,195
593,88,0.4279536428318372,0.3708312191183901,167,58,0.5946889870669448,105
594,77,0.2728168293101238,0.3074585088798943,178,47,0.6922491623563488,90
595,77,0.35358606402604464,0.3250662216375434,178,47,0.7202608674501486,90
596,28,0.08719657088578621,0.062223581046114924,227,254,0.8288312633444612,21
597,77,0.30052321970455775,0.3071256565940581,178,47,0.7402447537734536,90
598,117,0.42890728186563154,0.3992991473607163,138,87,0.5747016212256665,146
599,91,0.46477533817463745,0.3828492882007829,164,61,0.6817513287493209,109
600,57,0.33922112331742243,0.22059915945404604,198,27,0.853564498930482,61
601,68,0.3181623217881778,0.2801731415819306,187,38,0.7646150151357946,77
602,95,0.3782549340061916,0.33704165130076547,160,65,0.6954484414145933,115
603,96,0.3226757027036965,0.3181640686910932,159,66,0.5672407080233953,116
604,147,0.5571968255612303,0.5615712157240774,108,117,0.39842334469877355,188
605,156,0.5368190106340239,0.6360548020344224,99,126,0.4007824828791008,201
606,102,0.476268151601858,0.3957946031226382,153,72,0.6041466823224816,125
607,30,0.13267246695215834,0.11944375173560942,225,0,0.9014259218929335,23
608,105,0.43934970081591374,0.38197474997808806,150,75,0.5751028884336016,129
609,156,0.6059976439860824,0.60970714886271,99,126,0.43263530893128077,201
610,148,0.50324625405932,0.5902458698031644,107,118,0.5308670967696533,190
611,112,0.5564184997967483,0.42325528368640114,143,82,0.6301985834728114,139
612,53,0.124992222066539,0.20822274221504464,202,23,0.8139289104783105,56
613,151,0.7018707426285108,0.6254284358767571,104,121,0.39560705110856315,194
614,153,0.5733371623481692,0.6086043698766933,102,123,0.37263579173393224,197
615,126,0.36626377703021606,0.5092470820387678,129,96,0.4470370592662909,159
616,50,0.13725239072959505,0.20063828026463507,205,20,0.8652131720596326,52
617,31,0.2043386452306145,0.09673200091414771,224,1,0.8663085526774158,25
618,47,0.24108022199638018,0.16383034357039714,208,17,0.8372794779888444,47
619,69,0.26634730300656334,0.30266133279200946,186,39,0.8195793949438739,78
620,130,0.6089147129817672,0.48700386307866184,125,100,0.5585892371964696,164
621,156,0.5161588927503294,0.5927412139597442,99,126,0.28698145540492087,201
622,156,0.7182862220424633,0.67075492451537,99,126,0.4186547632644276,201
623,144,0.5673210256175087,0.5726086117905226,111,114,0.48202934547865567,184
624,117,0.4231523264885172,0.47402791496590296,138,87,0.5401706502608682,146
625,136,0.43354574634551474,0.6137622190383981,119,106,0.58965633045291,173
626,43,0.1360978606166579,0.14329456105530736,212,13,0.8700896068652635,42
627,27,0.05948143073309604,0.11368501776461212,228,253,0.8748025541404795,19
628,60,0.14741280200890539,0.27934055401008656,195,30,0.7611389445758977,66
629,31,0.09824161690951799,0.1100198448386115,224,1,0.9030736371920217,25
630,129,0.3904193017182449,0.4916347705173483,126,99,0.5449427029474032,163
631,158,0.5295984358528045,0.6388709887961876,97,128,0.3105247003700464,204
632,171,0.6812411437757451,0.6756250785093318,84,141,0.3117222811933691,222
633,171,0.5892358418991233,0.6786636877801367,84,141,0.25763815341000806,222
634,173,0.6588130636725493,0.7200687239232726,82,143,0.3003191945107916,225
635,171,0.5581083267527074,0.6833149688696127,84,141,0.3392645362255764,222
636,170,0.6012076894987712,0.6593199875684724,85,140,0.32919734200521567,221
637,76,0.2691412186626043,0.30925017681350636,179,46,0.7442975596752445,88
638,37,0.02190252766377243,0.1251141775884766,218,7,0.8340234898746397,33
639,121,0.3184445891973031,0.4897410267390554,134,91,0.5469203683215266,152
640,158,0.5200459129005486,0.6313423947481354,97,128,0.4373446017639798,204
641,141,0.5707530925247443,0.6063072430888292,114,111,0.49452277902279307,180
642,61,0.32624046579811916,0.2345074575417961,194,31,0.6959833467120541,67
643,119,0.5570876294240256,0.4424391534160177,136,89,0.5752765228563579,149
644,158,0.6321749927356711,0.6350509475749215,97,128,0.41731088022172647,204
645,157,0.5687719436893212,0.6247768339157855,98,127,0.40572867901016874,202
646,142,0.572388303451904,0.4937041192539223,113,112,0.4486565427589966,181
647,123,0.43265650478392365,0.45610948042929356,132,93,0.45500111337273863,154
648,131,0.4534790547202705,0.5062407389615384,124,101,0.4355582568263128,166
649,154,0.6558343459990298,0.595994885825011,101,124,0.36010818156809327,198
650,124,0.4516462920159324,0.47694405989073874,131,94,0.5293720169940431,156
651,102,0.46134487890187376,0.4023222263099864,153,72,0.5813099615664806,125
652,117,0.4544359572166521,0.4811712477104305,138,87,0.5232198569120317,146
653,82,0.3753210528796664,0.3582798803383641,173,52,0.6602629567493059,97
654,78,0.28769548030043995,0.263805903847954,177,48,0.7146648516000412,91
655,123,0.49414138640928695,0.4664932690576857,132,93,0.5045629489100929,154
656,36,0.10446831556974892,0.13183663017746966,219,6,0.8913064029971507,32
657,22,0.1468060679474641,0.08184349275230879,233,248,0.9000351389256035,12
658,26,0.14656453117787624,0.11510215708307062,229,252,0.8624565353069955,18
659,64,0.32281574524964074,0.27322662780472406,191,34,0.8100783537901105,71
660,169,0.6256682027272394,0.6375486407676257,86,139,0.2907744736964165,219
661,169,0.7567792537321949,0.6467824758880036,86,139,0.34359686166782066,219
662,169,0.6813894385831022,0.596539324396834,86,139,0.260396051197173,219
663,168,0.7688783467042739,0.6733269461262628,87,138,0.3032248888171745,218
664,169,0.5711765529812948,0.6644313636838529,86,139,0.28658013044032515,219
665,168,0.7280872499369381,0.6250430170050079,87,138,0.3359788123124357,218
666,170,0.5843265242195868,0.6754625047199468,85,140,0.38598126741952066,221
667,139,0.6481873730624632,0.5706967313738777,116,109,0.40336453984536186,177
668,32,0.11965853738165047,0.0665915209360117,223,2,0.8023244503067251,26
669,43,0.27520278629150563,0.21455406696618734,212,13,0.9337579458723949,42
670,147,0.6802657704714311,0.5513515615512515,108,117,0.4271674089582391,188
671,167,0.556761017488313,0.5974054244174594,88,137,0.3325543100343272,216
672,91,0.34333079124189275,0.4104461281322905,164,61,0.7000508953215819,109
673,92,0.5044131652311579,0.3788790707469789,163,62,0.6610801935197622,111
674,161,0.49591575197850524,0.6046298123245358,94,131,0.4336095549425324,208
675,155,0.7056922663788038,0.6049655222431478,100,125,0.3877192395649619,200
676,156,0.662141309667015,0.5899388259515196,99,126,0.38600950454300254,201
677,151,0.6770508886123809,0.6139928687532699,104,121,0.38627674005751994,194
678,155,0.5852779822894469,0.5736093163032866,100,125,0.3750080825174367,200
679,153,0.6889606961022248,0.6237244419785531,102,123,0.3784335426586415,197
680,132,0.5451245433048046,0.4845343755964261,123,102,0.5240343821095641,167
681,68,0.21232291517579893,0.23292834543707508,187,38,0.6565531895335921,77
682,62,0.1944411374271842,0.27543401005185564,193,32,0.6679964818030107,69
683,89,0.3653757359490442,0.2921501756641121,166,59,0.5645230814853782,107
684,140,0.3713560896383751,0.5440362701327575,115,110,0.42398175380122544,178
685,125,0.5208504834727447,0.4915410186053426,130,95,0.46851501676420493,157
686,36,0.279893705667295,0.11673032035155402,219,6,0.859601698338488,32
687,25,0.049359779528227045,0.12799609147828994,230,251,0.8916127371184596,16
688,60,0.2973608607112773,0.21446832237476082,195,30,0.7834862481612642,66
689,130,0.3075501347322368,0.47870886058092327,125,100,0.4106904408311519,164
690,163,0.5935538895840089,0.6938563800405205,92,133,0.3076254265990071,211
691,165,0.6218320196461052,0.6535641516447376,90,135,0.3805610310175926,214
692,168,0.7737295439537673,0.616635023305272,87,138,0.2772130203897415,218
693,168,0.7054181236522689,0.6554715072363454,87,138,0.3758411307614385,218
694,168,0.7087741460204624,0.6618823356986657,87,138,0.32258767536227717,218
695,168,0.4966884743771104,0.6874046835721829,87,138,0.30982617033121096,218
696,171,0.6393006329283388,0.6652889265051679,84,141,0.4515275974269798,222
697,173,0.772908070262922,0.6593934963385347,82,143,0.41292987783622787,225
698,120,0.5406407649666144,0.4656481542537987,135,90,0.5193631476666628,150
699,18,0.10031009180029331,0.07763609684063676,237,244,0.9200730168297964,7
700,59,0.3548098794087095,0.24988957863042646,196,29,0.7613792303727646,64
701,143,0.6233164956458253,0.6093926175413213,112,113,0.45536543367039445,183
702,125,0.598613928973242,0.47037246607108263,130,95,0.5477944263206754,157
703,69,0.19177525101902132,0.2825204206152743,186,39,0.7587277609357661,78
704,156,0.7410564458709569,0.6172601027783962,99,126,0.3232715399924039,201
705,156,0.6007896922180278,0.7302519356038506,99,126,0.4656098842370339,201
706,154,0.5756002388485439,0.5697753925259095,101,124,0.425892603004991,198
707,151,0.6309390079379555,0.5559641582323336,104,121,0.3574454891886735,194
708,155,0.6462819103174434,0.6163757721297559,100,125,0.38445498518176624,200
709,155,0.6201441782732534,0.6200863222032384,100,125,0.3637823806792477,200
710,157,0.6399867730687561,0.5618150654592639,98,127,0.415924101052701,202
711,157,0.5005365155516805,0.5969655146959544,98,127,0.40487693519857004,202
712,155,0.6734551177713674,0.645903385264609,100,125,0.3835139401813716,200
713,153,0.5638508838411685,0.6222096071782737,102,123,0.43846096857973804,197
714,147,0.5815670503272887,0.5470126410557434,108,117,0.4616952779460721,188
715,83,0.44890197459694353,0.3571288622091855,172,53,0.7254199353914467,98
716,25,0.09926033880096014,0.06104779768811155,230,251,0.8990346294964412,16
717,25,0.0899525495528468,0.09953019062956169,230,251,0.9455458476540421,16
718,85,0.3666238930735634,0.40130390688603595,170,55,0.7327642363283283,101
719,138,0.42111633543763555,0.4773011569656862,117,108,0.3438770392396284,176
720,167,0.5703852278146998,0.7047211473770577,88,137,0.2663735510561519,216
721,169,0.7077770747916309,0.6930417606842747,86,139,0.3928757301632453,219
722,171,0.6827638420431987,0.6524788688493939,84,141,0.338342564778822,222
723,174,0.7659363506639352,0.6529402225860026,81,144,0.36133449943415785,226
724,174,0.697214316279311,0.6418090560113868,81,144,0.32812455192744344,226
725,170,0.5282872461264256,0.6565144410224936,85,140,0.3132429932163894,221
726,169,0.5810608545875311,0.6453905323795469,86,139,0.31823797975032164,219
727,172,0.6525251572838113,0.6227569746798156,83,142,0.3492308914712135,224
728,163,0.6184532116754807,0.7090785045298909,92,133,0.35795013696894395,211
729,68,0.14455119682949702,0.2670717337139238,187,38,0.7485001293018263,77
730,35,0.2393159170371671,0.15282515535969793,220,5,0.8602890661701302,30
731,120,0.4815644670613152,0.5049735627012613,135,90,0.5684304533787402,150
732,138,0.5387034787341887,0.5136042923376277,117,108,0.41322657838576293,176
733,65,0.3047075360408562,0.3147774655983829,190,35,0.8056306826856768,73
734,125,0.558765727926845,0.5113824062037247,130,95,0.5228723354199831,157
735,166,0.5644434029027992,0.6607240988589878,89,136,0.3633766293935448,215
736,131,0.515664829221847,0.5085439827781836,124,101,0.47356816945641467,166
737,96,0.3871787521641267,0.35583728869500125,159,66,0.5412395933318938,116
738,148,0.6223022599908908,0.6298030216961867,107,118,0.42353065590346706,190
739,157,0.5372958337384008,0.5400367197593025,98,127,0.33842031003907486,202
740,163,0.6602823629541534,0.6508481281684222,92,133,0.31547592359014803,211
741,162,0.645673593413959,0.6417831465844731,93,132,0.3208775620538094,209
742,153,0.6892182177012995,0.6117847818683995,102,123,0.411239134014426,197
743,117,0.497250245208939,0.4838870200511321,138,87,0.5312887330728578,146
744,59,0.14284477140585178,0.17001716652856524,196,29,0.7562823366498012,64
745,35,0.11514800782248169,0.18324352626467982,220,5,0.7978792263357206,30
746,30,0.04217412597381767,0.1253768480929435,225,0,0.8896035374199566,23
747,17,0.03885313019873174,0.1091464255392032,238,243,0.8584395113867155,5
748,51,0.1545595106348912,0.22920685988944012,204,21,0.7476664791386767,53
749,91,0.29965877544010855,0.34414964636032563,164,61,0.613541218773533,109
750,156,0.6569708155937006,0.6092795984183826,99,126,0.33724958987133336,201
751,151,0.5505948297630124,0.5507177598930021,104,121,0.37379004221392664,194
752,151,0.6464470583210622,0.62054295143594,104,121,0.3728336293585556,194
753,149,0.4917833532777996,0.624893206644121,106,119,0.3816636941685901,191
754,141,0.7243861225699069,0.5317112856401685,114,111,0.47865434409322377,180
755,129,0.4253414510648252,0.5381349782699262,126,99,0.5546388399625868,163
756,156,0.6825503914308997,0.6369890987369541,99,126,0.4006910034092064,201
757,173,0.6744437268004442,0.6665753239609159,82,143,0.2871187516232887,225
758,174,0.711117769917636,0.6778275959937591,81,144,0.334392121006008,226
759,135,0.5169509496738642,0.5698251297017624,120,105,0.44264985834854087,171
760,40,0.05610774498864367,0.12193558742637461,215,10,0.7652763116484197,38
761,107,0.44342220377509955,0.46312895081631456,148,77,0.533160013439755,132
762,162,0.4976469653051533,0.622645030613829,93,132,0.4143470151236787,209
763,86,0.40245937103480356,0.3412995012077519,169,56,0.6627680545261023,102
764,75,0.3549627209990271,0.30601044437252606,180,45,0.6835143692559451,87
765,158,0.5811636890934326,0.6552798351165711,97,128,0.4383143174251044,204
766,148,0.4852557161972783,0.6076217027943832,107,118,0.46272179573109673,190
767,89,0.39974955769094017,0.3733415656432789,166,59,0.5904220317426804,107
768,58,0.27360341249756065,0.26607658419170477,197,28,0.7259241998231015,63
769,69,0.22942089294577364,0.23383232240011934,186,39,0.7242290158612522,78
770,92,0.32227602642387077,0.37405480571344957,163,62,0.6122205444608063,111
771,88,0.34928031966012885,0.3387553982380061,167,58,0.6564735959882609,105
772,69,0.3025507455006066,0.310059972356303,186,39,0.7564980215396214,78
773,72,0.3917492789787363,0.2924236402620752,183,42,0.6860474696341589,83
774,107,0.4654114097482029,0.4751496188879716,148,77,0.6375643933786612,132
775,87,0.41993971398481367,0.32918645645275085,168,57,0.6964289071337015,104
776,23,0.01801196528572513,0.09402841269203341,232,249,0.8482729041541474,14
777,21,0.0,0.04808393276925099,234,247,0.8887558104102136,11
778,30,0.2663980886848729,0.11288424136680415,225,0,0.8568346153970609,23
779,35,0.20934832820740487,0.17586717178696154,220,5,0.9004494773343267,30
780,70,0.2626346500485738,0.26665531444118473,185,40,0.7369634493889776,80
781,38,0.1864480033790506,0.11182905589698854,217,8,0.8811969191337974,35
782,35,0.23134320460037228,0.14362404169309131,220,5,0.855537440467435,30
783,36,0.13981491447661032,0.11622778224950282,219,6,0.8701122225678571,32
784,37,0.19617130076832637,0.1434990816505419,218,7,0.8165323428757912,33
785,38,0.12014880746877608,0.14936115842689435,217,8,0.8725622121528975,35
786,40,0.25573692564718353,0.1261807800886397,215,10,0.8286236716757318,38
787,105,0.40608703365598303,0.3796808425124022,150,75,0.6328022696617248,129
788,175,0.7476198888402878,0.6911523213173375,80,145,0.305713625386314,228
789,178,0.69485841518766,0.6923860975552885,77,148,0.2949706708486607,232
790,113,0.48508028537514664,0.4413386260225236,142,83,0.5201231222569763,140
791,62,0.1364956815781378,0.23372013204355527,193,32,0.7686240723429703,69
792,155,0.509811825656704,0.6474036489626835,100,125,0.4200266805840093,200
793,106,0.4072588270257649,0.4115438867069837,149,76,0.5294977765940224,131
794,43,0.2606425245614248,0.18959478841279062,212,13,0.8109937508597509,42
795,142,0.575243746009075,0.551266729576616,113,112,0.3876759531304148,181
796,159,0.7310688023238217,0.665212370694044,96,129,0.34235120289892945,205
797,149,0.5545077546580618,0.5869437914689859,106,119,0.39171785954501986,191
798,146,0.6560835398747795,0.6088510358450538,109,116,0.4319864610158743,187
799,110,0.48341361570503516,0.3985284218527019,145,80,0.5977792149319278,136
800,95,0.33772970354708326,0.36977604397590275,160,65,0.5956174876784234,115
801,113,0.4447148886256754,0.44754376054792,142,83,0.48650624828411554,140
802,128,0.5077502759889746,0.5008581783933491,127,98,0.46960163200431404,162
803,149,0.5931965548638012,0.6322131797564523,106,119,0.38239293778984507,191
804,145,0.5874676434979349,0.524813012786568,110,115,0.38489979309711503,185
805,98,0.4505087912455947,0.35490983743412435,157,68,0.5666795843277329,119
806,18,0.14022691115679348,0.12517588222516587,237,244,0.9219561873197046,7
807,25,0.1722779635129219,0.13314881619617275,230,251,0.9249537591646121,16
808,28,0.005011905884454382,0.13828849514041078,227,254,0.8742170101995468,21
809,45,0.17677710870968238,0.20207621302967696,210,15,0.8105763829581549,45
810,64,0.25540972160553654,0.29172509967423965,191,34,0.7526825913996806,71
811,81,0.2244363430603185,0.30449712731939976,174,51,0.6684187123162384,95
812,103,0.37698360669786307,0.3809484878583511,152,73,0.567106371708794,126
813,98,0.34912430934435223,0.3545958633734852,157,68,0.6825355071932873,119
814,101,0.4004645790105281,0.37006105082261365,154,71,0.6575939520952359,123
815,103,0.3214145024204207,0.44174730391151795,152,73,0.671169967784162,126
816,91,0.3951119107514031,0.3406539465236042,164,61,0.5511690290635887,109
817,45,0.23625488651323923,0.18950109107185523,210,15,0.9035829684878913,45
818,98,0.4291975421891315,0.36429472642402677,157,68,0.6295557201728621,119
819,175,0.6712397545117038,0.6438896685408768,80,145,0.3336392338035193,228
820,160,0.5898880929509568,0.6177007485688,95,130,0.3242135314613912,207
821,52,0.1888500611167195,0.1819737451813127,203,22,0.7764261651363408,54
822,65,0.21213338055308711,0.28439533606750844,190,35,0.7830009305283456,73
823,88,0.315636474186679,0.3652780928439433,167,58,0.694132037705068,105
824,27,0.03882422292219767,0.11281918944402781,228,253,0.8890001160714667,19
825,105,0.36807273682101693,0.355647847643476,150,75,0.5518169304759492,129
826,158,0.6689162062895688,0.6517932866663709,97,128,0.3890625900697236,204
827,154,0.6329007987042833,0.5974986267483208,101,124,0.3991909913781152,198
828,151,0.5676140514301605,0.5490870175252759,104,121,0.2743695077462636,194
829,156,0.6700280126655301,0.5927932936137978,99,126,0.4456104685169039,201
830,161,0.6915245000873728,0.6405578345761688,94,131,0.3806227409177412,208
831,159,0.588255218106079,0.6269041171698455,96,129,0.4109533281584963,205
832,161,0.6017698924962643,0.6516469902746845,94,131,0.3643303361567117,208
833,157,0.5376272565393716,0.6445208605236779,98,127,0.4277525349721347,202
834,147,0.6130049849959552,0.5870775669717809,108,117,0.44453621691718065,188
835,70,0.3166565507381072,0.2840551008701994,185,40,0.6278070549689981,80
836,20,0.04965491989101725,0.08705692247449412,235,246,0.9089919372029304,9
837,27,0.14090515449672825,0.07495684347808443,228,253,0.9023057863125149,19
838,28,0.068970594217413,0.08758748672649826,227,254,0.9174715154053329,21
839,66,0.23120073891939352,0.27367822970536326,189,36,0.6797030330236998,74
840,128,0.45478724072671567,0.5139900104959756,127,98,0.49639564782502466,162
841,129,0.3944126713654629,0.4943475867000523,126,99,0.5244736645995853,163
842,129,0.4823086418719324,0.5591803366593145,126,99,0.5114188800833378,163
843,131,0.608405080830286,0.5456888759094873,124,101,0.4215448878419863,166
844,130,0.43987530077014425,0.5409884704566434,125,100,0.5378174843692627,164
845,128,0.40641389688694274,0.513563079990798,127,98,0.4646392278336794,162
846,132,0.5290447642488539,0.5415808192490521,123,102,0.4749753560360567,167
847,106,0.4258358361967705,0.41566395220131663,149,76,0.6196979097813488,131
848,28,0.23724078338624427,0.08052031684444576,227,254,0.9273602688195991,21
849,96,0.4051579333795187,0.41139256558226167,159,66,0.6234248702031928,116
850,178,0.7768224281078191,0.7424424991778087,77,148,0.28674898729480786,232
851,132,0.5739929463732278,0.4960694203928433,123,102,0.6274087115660585,167
852,33,0.18485411170183041,0.16718375996657264,222,3,0.9459157840452157,28
853,77,0.30527730548821475,0.3345900106429784,178,47,0.6979633472727987,90
854,113,0.42084863335982436,0.36867802914360337,142,83,0.5414866707817566,140
855,60,0.2266715264793006,0.25295440752193693,195,30,0.7690037783393926,66
856,155,0.4571306533842137,0.5934411666801268,100,125,0.466910144262098,200
857,155,0.6577271667352229,0.626438650642406,100,125,0.3637069564327702,200
858,150,0.5095531037443672,0.6413079001394529,105,120,0.4021738285582178,193
859,154,0.5390709954404206,0.6165369346543221,101,124,0.4231888602424153,198
860,152,0.6145429693920708,0.5679453626018323,103,122,0.39690637196407913,195
861,127,0.5666035725263576,0.4677092947135876,128,97,0.46299630391887403,160
862,103,0.41689466998510893,0.3710291363884568,152,73,0.6420109942921715,126
863,130,0.4977594904471622,0.5164469452152379,125,100,0.43856806719167074,164
864,134,0.5208003175607416,0.5232582387939247,121,104,0.40760472998977476,170
865,36,0.022363502271968344,0.08872254351887598,219,6,0.8734797230092893,32
866,24,0.14480494412138983,0.12384291146199723,231,250,0.8154325591350269,15
867,31,0.2860865192830846,0.14492471781923155,224,1,0.8908833879711967,25
868,49,0.14075901095739074,0.18934920782461706,206,19,0.8167734207464568,50
869,77,0.38882053164531566,0.3226331777726743,178,47,0.7488683511323585,90
870,129,0.65330187239179,0.5357826680339525,126,99,0.49406265903044483,163
871,131,0.5321966051381075,0.5523139931990801,124,101,0.5218297388914759,166
872,132,0.4072587797815609,0.5214894258984988,123,102,0.5423915760951536,167
873,134,0.49134373690302274,0.45257166311199215,121,104,0.46986427161262556,170
874,135,0.44469481909978326,0.4940292561366411,120,105,0.49287521039979476,171
875,129,0.49998723385063604,0.4689793700664898,126,99,0.49470248904548103,163
876,131,0.610682758019895,0.5131704358840304,124,101,0.4513130118458788,166
877,131,0.5600666762657337,0.553066197104669,124,101,0.5257369357486504,166
878,70,0.2576607727167513,0.26960924973166006,185,40,0.7571565263217773,80
879,31,0.18094891731573864,0.13513006124695692,224,1,0.8433221518738709,25
880,153,0.6633836262704046,0.6425170732270219,102,123,0.4137945716504841,197
881,175,0.673344266164262,0.6667902318313991,80,145,0.3474998652979584,228
882,73,0.11797906186986315,0.3348297191420635,182,43,0.7054759705963827,84
883,83,0.3280004334320593,0.2969186592507538,172,53,0.7014608867535864,98
884,143,0.5291234791642727,0.5848802172249515,112,113,0.5154794335804517,183
885,63,0.20398031848881548,0.2521985329144391,192,33,0.6897656879472022,70
886,117,0.6084148592112157,0.4415703974055167,138,87,0.47742468623415374,146
887,160,0.6489049714669228,0.6048571310974805,95,130,0.36295997261173363,207
888,151,0.5898984310635842,0.6087590700333951,104,121,0.45697776873031154,194
889,153,0.5899983283132031,0.6248636636657356,102,123,0.34501859560590153,197
890,135,0.6051812329105393,0.5206204411889446,120,105,0.48931154707828145,171
891,76,0.24507043749764912,0.29565656792800543,179,46,0.674310005741285,88
892,85,0.2984633264262573,0.31231241807570964,170,55,0.7164304893863086,101
893,125,0.5243406774470094,0.4903172915676133,130,95,0.5963771396567187,157
894,109,0.35516175304415226,0.39098543536716357,146,79,0.6007025442171431,135
895,25,0.0,0.09232329230135691,230,251,0.8734381268069888,16
896,22,0.19641222296435246,0.11451630370103293,233,248,0.8714744894792246,12
897,45,0.2230950192528045,0.18333760302680047,210,15,0.8285766470119406,45
898,68,0.12468199099396571,0.24831455321712487,187,38,0.7677016142534306,77
899,73,0.285776852234063,0.3462921056113301,182,43,0.7022837969169264,84
900,132,0.5180241823165653,0.4996000185109147,123,102,0.526832958958818,167
901,131,0.5136513523453803,0.5280813329590811,124,101,0.4866198572365628,166
902,131,0.42701384072642556,0.5037046446547311,124,101,0.44047246788741606,166
903,130,0.4404536573030779,0.4508342577755186,125,100,0.4081559365951293,164
904,126,0.44415393929278085,0.48485481764657873,129,96,0.47448679193722954,159
905,130,0.6100903556356293,0.5512742124519331,125,100,0.5799041110285528,164
906,129,0.502238265055138,0.49481222277003273,126,99,0.4552465695008255,163
907,128,0.48865924825259466,0.44843040429961245,127,98,0.5529511144831097,162
908,120,0.4075710034570092,0.46987270455815267,135,90,0.5013610192705621,150
909,41,0.14582233518536405,0.19697980412678506,214,11,0.8578563031140075,39
910,128,0.34346951006521487,0.4690930507655224,127,98,0.44428938711629296,162
911,182,0.6958529818856388,0.6834112710480018,73,152,0.3053964408945957,238
912,105,0.30815233631505984,0.3341179121648747,150,75,0.5930946408218233,129
913,72,0.3470025172847541,0.2924530743473892,183,42,0.7680085371585674,83
914,151,0.5575199644196904,0.6194783215648039,104,121,0.4786753967178042,194
915,99,0.2660585974380204,0.34568961233155493,156,69,0.5548672878984512,121
916,51,0.2652145880618485,0.19826608915136945,204,21,0.7903935729674846,53
917,154,0.5864683505348379,0.6135376060750268,101,124,0.4007134347439762,198
918,154,0.5677021659978038,0.6323176813374107,101,124,0.3407335644516305,198
919,156,0.5194583200466518,0.5859831587510842,99,126,0.35152380088196417,201
920,152,0.5690482453841986,0.6088227777178409,103,122,0.3350628428243523,195
921,146,0.5895274189703636,0.5758292040242347,109,116,0.39284748478691317,187
922,145,0.643766835253217,0.5850527455888936,110,115,0.3984264464740094,185
923,148,0.6373803359145133,0.5809885039326392,107,118,0.4791025660200443,190
924,78,0.3571027557237155,0.2423159263681136,177,48,0.7604813405993791,91
925,17,0.035399938249630114,0.04168944740019291,238,243,0.9743075508917378,5
926,34,0.1305706969718383,0.10138155580291225,221,4,0.8034535020818199,29
927,67,0.23472696220839329,0.18478508602766416,188,37,0.6909385817270707,76
928,75,0.4194763347715183,0.3501796346890306,180,45,0.7593415244459143,87
929,77,0.2361558266191604,0.29898777743088834,178,47,0.7021844650406727,90
930,132,0.498445368266484,0.5177826710409554,123,102,0.49923842469224156,167
931,131,0.5829415941179125,0.5040332514176169,124,101,0.4549011829265256,166
932,131,0.5079921674180529,0.474274518939032,124,101,0.460499449740736,166
933,132,0.5023893586540867,0.5354273998905167,123,102,0.5112204630066159,167
934,133,0.5103985129715588,0.4778281613637827,122,103,0.4541070112650703,169
935,133,0.6133207731245756,0.523376318716659,122,103,0.45443243542586514,169
936,130,0.631799339083644,0.530600017111274,125,100,0.4834601506054144,164
937,135,0.5265427130794516,0.5114119648360265,120,105,0.43045561133778604,171
938,115,0.37695934907368045,0.4390183747493166,140,85,0.5181537001999017,143
939,40,0.03929899552788842,0.13996254191728782,215,10,0.8032419319491312,38
940,124,0.44378901596501535,0.49337222782047485,131,94,0.5024326482488392,156
941,176,0.7022474912547662,0.7408060441647033,79,146,0.3484934902947966,229
942,126,0.4461780919412359,0.4618433221697237,129,96,0.4609789332590261,159
943,45,0.23775312409001984,0.16726826713423368,210,15,0.7776264112923031,45
944,144,0.6020644994015784,0.5421755158523535,111,114,0.397800885924859,184
945,144,0.4746541335923946,0.5403674230569908,111,114,0.5265029801028142,184
946,61,0.19406753019720424,0.18036038323811374,194,31,0.8226084282395468,67
947,77,0.3088048217679708,0.3612466280425899,178,47,0.67709431497852,90
948,133,0.48980258138474436,0.487254247310158,122,103,0.48848278191826716,169
949,159,0.6456990235688468,0.6789340305697131,96,129,0.3227898465153877,205
950,157,0.6256548922105116,0.604007061572045,98,127,0.4150877260463129,202
951,149,0.6251261450672674,0.5902342777703391,106,119,0.3242313109508104,191
952,149,0.6845601535244997,0.6136177874105007,106,119,0.4674075960287221,191
953,106,0.3670298438427951,0.44364244596620345,149,76,0.5630899803622659,131
954,26,0.2596454647940114,0.13769840876261538,229,252,0.8862070794277114,18
955,31,0.2611973306336932,0.1538950646561522,224,1,0.7849881504315981,25
956,62,0.2628769159087646,0.20966231886332715,193,32,0.7659409954482921,69
957,75,0.2986523159191541,0.32265709736225195,180,45,0.6414143993833136,87
958,77,0.2301663488455762,0.305576253842738,178,47,0.7321549325046046,90
959,74,0.36156685696868995,0.2643803632049148,181,44,0.7216237371097952,85
960,132,0.4899723623248204,0.5412531671103264,123,102,0.4530502426787296,167
961,135,0.4958050980610219,0.5157724979819526,120,105,0.5035595271120445,171
962,134,0.5114423830668988,0.5116829894234776,121,104,0.4760178298832203,170
963,133,0.5659512440023416,0.49900003838447565,122,103,0.4610813089995216,169
964,131,0.48779443180043563,0.5331128080358003,124,101,0.4024296707171426,166
965,128,0.5513570783115526,0.5112108634306162,127,98,0.46884971935490094,162
966,125,0.45773884528606573,0.43423965327606345,130,95,0.5133296425321222,157
967,130,0.47406984827985593,0.4705455108060943,125,100,0.46010064637207027,164
968,120,0.45563511493223674,0.36974256477888134,135,90,0.5180644401419631,150
969,39,0.0724702426747639,0.15212295704161824,216,9,0.8597144415572561,36
970,82,0.34905031823926114,0.34590304328847626,173,52,0.6553418221136013,97
971,173,0.6517850157900706,0.6605899062261706,82,143,0.32058860152942714,225
972,155,0.5800861280421085,0.6355143392350256,100,125,0.3216520200726382,200
973,64,0.1981246635652392,0.23809124272295581,191,34,0.735758522949161,71
974,136,0.6319749792868007,0.5408480604104082,119,106,0.472588109121135,173
975,157,0.7395864554749697,0.610376121357829,98,127,0.4056047992557659,202
976,131,0.6091622805063495,0.5374068879537438,124,101,0.4764550305263532,166
977,45,0.22152328207384372,0.15346662682232615,210,15,0.817257616169015,45
978,37,0.10885107430719432,0.14364083300554442,218,7,0.9037847494889655,33
979,69,0.25964010394935216,0.297130385684267,186,39,0.6935865798490652,78
980,119,0.48882339172157785,0.4668536260106153,136,89,0.47530112594964097,149
981,92,0.32511900098490426,0.3880786907871058,163,62,0.6332662106250067,111
982,58,0.0598392466799024,0.18582900088288937,197,28,0.7850473711719346,63
983,29,0.07919488423798582,0.13356621797613083,226,255,0.7951594037554349,22
984,24,0.12159945543791112,0.10133491179326751,231,250,0.938706362684565,15
985,44,0.1677437415681899,0.10539403199601866,211,14,0.805019576538406,43
986,77,0.40955806058971744,0.3000750593604526,178,47,0.6511622503525358,90
987,74,0.23417537652979156,0.3158799089358899,181,44,0.7214525504567225,85
988,76,0.27529726916687214,0.32866061517798656,179,46,0.6599254713399637,88
989,77,0.46911118493806603,0.32323985466076904,178,47,0.7481789284839456,90
990,137,0.5602071547542954,0.5393097156273606,118,107,0.4262405210316897,174
991,135,0.5357908252559945,0.5012772249266877,120,105,0.47290698329711955,171
992,132,0.6006945758944218,0.5602512970345909,123,102,0.45866133333004044,167
993,137,0.513808856027477,0.588115015486061,118,107,0.4390791216424227,174
994,133,0.41516525369495894,0.561629810848284,122,103,0.4712694720974183,169
995,133,0.5409549166664559,0.5286752593397752,122,103,0.518665472964909,169
996,128,0.5474997870735717,0.5469997015267078,127,98,0.48345399471181927,162
997,130,0.5064876898245335,0.515683279267667,125,100,0.42792967539914295,164
998,129,0.48931606509626924,0.48231979683829884,126,99,0.43147210486663545,163
999,59,0.11845921300931551,0.16859536736949784,196,29,0.8068858645346777,64
1000,67,0.1677981852313959,0.23220164048968772,188,37,0.7469966622494506,76
1001,173,0.6445449945420033,0.6372461142670605,82,143,0.36503142163282426,225
1002,152,0.487546517855228,0.5422424531818241,103,122,0.3280316837358612,195
1003,55,0.26295401000948937,0.1798684523950581,200,25,0.7814410048984893,59
1004,128,0.4759480990528022,0.49984813428278824,127,98,0.5240469694698667,162
1005,156,0.5355499723633356,0.6513574716524735,99,126,0.434863480785859,201
1006,153,0.5593688769871856,0.5515284128176925,102,123,0.44658440236273395,197
1007,143,0.5130992217225875,0.6049018797077222,112,113,0.3908155651944607,183
1008,128,0.4565376438572765,0.48672873295039637,127,98,0.49321818515075105,162
1009,66,0.18284695761400643,0.23901661027887858,189,36,0.7499832046255664,74
1010,17,0.0,0.06260913105920769,238,243,0.9197505619747706,5
1011,23,0.11105619630827965,0.045048321887470176,232,249,0.9065194037509418,14
1012,21,0.06411547422482859,0.09407805434537786,234,247,0.9005595160052071,11
1013,25,0.07767641270822646,0.1344107791799439,230,251,0.8848332385690678,16
1014,40,0.20871185544805645,0.15237510216351147,215,10,0.88434824734659,38
1015,69,0.21579252760781825,0.2796841154392515,186,39,0.7360430401101745,78
1016,75,0.28279360579114776,0.3010651826310897,180,45,0.7934332127957332,87
1017,76,0.4520134117722764,0.2894372387135874,179,46,0.6656076985615045,88
1018,78,0.3363291845204429,0.31413671532905785,177,48,0.6127226926096679,91
1019,66,0.22404188690235022,0.28685624656188063,189,36,0.7254795263316184,74
1020,60,0.39092756773894016,0.23140177209299043,195,30,0.6158702770594231,66
1021,107,0.348405158961289,0.4006163234992077,148,77,0.6474298028135502,132
1022,140,0.5844188233567414,0.5363446739344117,115,110,0.42075522152020006,178
1023,132,0.46626106744953216,0.5044695658672673,123,102,0.4592012850065401,167
1024,136,0.5770022506710654,0.4749651796279911,119,106,0.3407323769904884,173
1025,133,0.5431229585257702,0.5196066836258031,122,103,0.5811513326191438,169
1026,132,0.4230443972236581,0.5416827692670464,123,102,0.4845197103200755,167
1027,132,0.5506213909443776,0.5119285737808574,123,102,0.5099734781912952,167
1028,130,0.5533627479206235,0.44842134493231567,125,100,0.4531964831883452,164
1029,63,0.2750220482507953,0.2483243325454254,192,33,0.687167199039959,70
1030,50,0.23897535373292186,0.16778549449621424,205,20,0.825551922302016,52
1031,162,0.6173612687157001,0.6369326827106533,93,132,0.39528353548956136,209
1032,129,0.5174657825850891,0.5065947807774728,126,99,0.5470970983402106,163
1033,38,0.16349859088269453,0.20723571274503294,217,8,0.8892546863010301,35
1034,140,0.5167863751094912,0.5811956989488604,115,110,0.39773244663949525,178
1035,156,0.5529189265376625,0.6565905163711058,99,126,0.3859499385769784,201
1036,141,0.5712807187952028,0.5770117698870983,114,111,0.4328707743598121,180
1037,138,0.5218183805982101,0.5296201656890528,117,108,0.4042282425743561,176
1038,135,0.45294114797706075,0.5510462882118309,120,105,0.5212491978935032,171
1039,121,0.5122868625111391,0.4709400257890059,134,91,0.5162086648938279,152
1040,38,0.12123890353709153,0.13991104737640211,217,8,0.8880949597705158,35
1041,23,0.06859504529742334,0.12287937297073442,232,249,0.9377718510675191,14
1042,22,0.15267627352100357,0.07696345989762551,233,248,0.9251672136454996,12
1043,31,0.0549479979663912,0.1685422900212174,224,1,0.8795467551252747,25
1044,60,0.41862687323758807,0.21510254592611563,195,30,0.8077711249325389,66
1045,77,0.37357919371644727,0.3247344599666969,178,47,0.7527105304482973,90
1046,75,0.3216377061807598,0.30129276389825466,180,45,0.7018970136897376,87
1047,74,0.3210296599796305,0.28584840279134416,181,44,0.7184335255798519,85
1048,74,0.2702562990780065,0.29390779338648493,181,44,0.7600611477434112,85
1049,37,0.024951600407239996,0.09754746365782704,218,7,0.9359204773950843,33
1050,44,0.2452150549588598,0.1882012090451808,211,14,0.7990542571923591,43
1051,24,0.11609552301350598,0.08633859077044942,231,250,0.9336746951763797,15
1052,76,0.4274436149579621,0.34323491764046227,179,46,0.7039214738726405,88
1053,102,0.39125875608720095,0.3981326204315904,153,72,0.6547769245566553,125
1054,113,0.2844520378147974,0.4881397219390478,142,83,0.5426747499572475,140
1055,118,0.49873371164475117,0.46353625773725327,137,88,0.49346198231809546,147
1056,120,0.4141235095406335,0.49199676823449034,135,90,0.5460570759040938,150
1057,121,0.5590433667795557,0.4671235034629652,134,91,0.5645784335583213,152
1058,118,0.3409200622237597,0.5067240769413289,137,88,0.5525053922299298,147
1059,64,0.3500072602251729,0.22526684199644587,191,34,0.7946672772671547,71
1060,28,0.0,0.11240686346067051,227,254,0.9530141069389801,21
1061,88,0.35293134043460556,0.337610656833655,167,58,0.6792341161766916,105
1062,109,0.30019745918192153,0.43691865674890457,146,79,0.6533000639354346,135
1063,21,0.014056563823991897,0.07296464662183307,234,247,0.9471919900492659,11
1064,80,0.37568622972666477,0.3208166300517914,175,50,0.7115491537314901,94
1065,89,0.3715704535667403,0.3609326553661542,166,59,0.6433890865085474,107
1066,51,0.2378050593708781,0.15805918556697648,204,21,0.7818339996830038,53
1067,34,0.03787036793449866,0.15347761419333605,221,4,0.8812707431173488,29
1068,53,0.2604147457756662,0.24005360588242383,202,23,0.7609397582607602,56
1069,39,0.11340924380721451,0.14524238119143867,216,9,0.7700266814492156,36
1070,30,0.05816171636003388,0.13603181494780764,225,0,0.8739577154650708,23
1071,20,0.0,0.08537017954415467,235,246,0.9216156869782045,9
1072,25,0.04897111425255894,0.06770927057483812,230,251,0.7687098698855164,16
1073,51,0.22688062056809652,0.17503656758451788,204,21,0.8056150662799132,53
1074,76,0.28096784786016865,0.27984494387194997,179,46,0.6987728885403317,88
1075,74,0.4115038035156368,0.3260289854341412,181,44,0.7190325489000176,85
1076,74,0.2671942376412413,0.3179159331610983,181,44,0.7239033928577471,85
1077,75,0.23262950061805543,0.2464317094394658,180,45,0.7141967167327626,87
1078,54,0.1415080871458942,0.19701867942363632,201,24,0.8068145745740644,57
1079,66,0.2568997863448369,0.26940960164571703,189,36,0.8668748534967642,74
1080,131,0.50758625615984,0.5387916633530786,124,101,0.4557573461718436,166
1081,108,0.41425103555580467,0.4358122258459509,147,78,0.5626699818795959,133
1082,52,0.30729198833782667,0.14910096045053176,203,22,0.7754188951024789,54
1083,33,0.006355027449655076,0.16318487010384175,222,3,0.8622480774787377,28
1084,36,0.17581074964949756,0.13183061492838422,219,6,0.9105845739136951,32
1085,48,0.1723703224691632,0.21588284556335147,207,18,0.7786867209717402,49
1086,30,0.07337944489551657,0.049510920963875715,225,0,0.8701731666991168,23
1087,39,0.10831502828527499,0.14977429433946923,216,9,0.9180286577875133,36
1088,45,0.17667489151212104,0.22785732033234912,210,15,0.8729970819611772,45
1089,27,0.18691533810826497,0.1058270016555689,228,253,0.8567870883727929,19
1090,15,0.045691347235238794,0.07445320072794474,240,241,1.0,2
1091,32,0.019381746562542754,0.1372193188653103,223,2,0.8493635090311812,26
1092,28,0.2386137706969696,0.12656220228981124,227,254,0.8609718016973464,21
1093,25,0.006469613370058955,0.128696160200575,230,251,0.8622835975338751,16
1094,36,0.10374770431575964,0.13835412185006019,219,6,0.7904695587714212,32
1095,58,0.12861280600477779,0.28195640682176726,197,28,0.7934171670298947,63
1096,62,0.28089740075728226,0.24013318360251437,193,32,0.7836712836438837,69
1097,83,0.3922607335748083,0.3503364806347277,172,53,0.6265847668346353,98
1098,97,0.5272600401157159,0.3456379509533583,158,67,0.599927083453727,118
1099,101,0.38340800451750506,0.4196780478526673,154,71,0.5761019902359785,123
1100,76,0.1898980947133988,0.2279654739654847,179,46,0.7924622960684987,88
1101,32,0.11085725422227088,0.10660228177163687,223,2,0.9612724120701253,26
1102,37,0.138654427938264,0.20112421311573464,218,7,0.9226079135597836,33
1103,68,0.33145863064809156,0.34964602972328934,187,38,0.8278217992018515,77
1104,78,0.3329594194045269,0.2668364695943761,177,48,0.6266947078586549,91
1105,76,0.22311974750842106,0.3031735002842971,179,46,0.6751047205545124,88
1106,76,0.37371786098447496,0.30620374488656915,179,46,0.7448843542921508,88
1107,63,0.35200431694092243,0.21160196204976697,192,33,0.7742052160691959,70
1108,42,0.2153195885123554,0.13382473296909342,213,12,0.7836660780479829,40
1109,131,0.42834653745746565,0.4836760892678956,124,101,0.4574201136745429,166
